,state,stateMinWage,niMinPWage,niMaxPWage,ciMinPWage,ciMaxPWage,meanWage,medianWage,meanPhone,meanPhone15,meanToothpaste,meanRice,meanPen,laborPerDollar,phonePerDollar,laborPerPhone15,laborPerToothpaste,laborPerRice,laborPerPen,penny_j
42,TX,7.25,0.0,0.0,0.0,0.0,0.0,0.0,0.06,0.9,1.7,1.38,0.3,,16.67,,,,,1
42,TX,7.25,0.0,0.0,0.0,0.0,0.0,0.0,0.06,0.9,1.7,1.38,0.3,,16.67,,,,,2
42,TX,7.25,0.0,0.0,0.0,0.0,0.0,0.0,0.06,0.9,1.7,1.38,0.3,,16.67,,,,,3
42,TX,7.25,0.0,0.0,0.0,0.0,0.0,0.0,0.06,0.9,1.7,1.38,0.3,,16.67,,,,,4
42,TX,7.25,0.0,0.0,0.0,0.0,0.0,0.0,0.06,0.9,1.7,1.38,0.3,,16.67,,,,,5
42,TX,7.25,0.0,0.0,0.0,0.0,0.0,0.0,0.06,0.9,1.7,1.38,0.3,,16.67,,,,,6
42,TX,7.25,0.0,0.0,0.0,0.0,0.0,0.0,0.06,0.9,1.7,1.38,0.3,,16.67,,,,,7
42,TX,7.25,0.0,0.0,0.0,0.0,0.0,0.0,0.06,0.9,1.7,1.38,0.3,,16.67,,,,,8
42,TX,7.25,0.0,0.0,0.0,0.0,0.0,0.0,0.06,0.9,1.7,1.38,0.3,,16.67,,,,,9
42,TX,7.25,0.0,0.0,0.0,0.0,0.0,0.0,0.06,0.9,1.7,1.38,0.3,,16.67,,,,,10
42,TX,7.25,0.0,0.0,0.0,0.0,0.0,0.0,0.06,0.9,1.7,1.38,0.3,,16.67,,,,,11
42,TX,7.25,0.0,0.0,0.0,0.0,0.0,0.0,0.06,0.9,1.7,1.38,0.3,,16.67,,,,,12
42,TX,7.25,0.0,0.0,0.0,0.0,0.0,0.0,0.06,0.9,1.7,1.38,0.3,,16.67,,,,,13
42,TX,7.25,0.0,0.0,0.0,0.0,0.0,0.0,0.06,0.9,1.7,1.38,0.3,,16.67,,,,,14
42,TX,7.25,0.0,0.0,0.0,0.0,0.0,0.0,0.06,0.9,1.7,1.38,0.3,,16.67,,,,,15
42,TX,7.25,0.0,0.0,0.0,0.0,0.0,0.0,0.06,0.9,1.7,1.38,0.3,,16.67,,,,,16
42,TX,7.25,0.0,0.0,0.0,0.0,0.0,0.0,0.06,0.9,1.7,1.38,0.3,,16.67,,,,,17
42,TX,7.25,0.0,0.0,0.0,0.0,0.0,0.0,0.06,0.9,1.7,1.38,0.3,,16.67,,,,,18
42,TX,7.25,0.0,0.0,0.0,0.0,0.0,0.0,0.06,0.9,1.7,1.38,0.3,,16.67,,,,,19
42,TX,7.25,0.0,0.0,0.0,0.0,0.0,0.0,0.06,0.9,1.7,1.38,0.3,,16.67,,,,,20
42,TX,7.25,0.0,0.0,0.0,0.0,0.0,0.0,0.06,0.9,1.7,1.38,0.3,,16.67,,,,,21
42,TX,7.25,0.0,0.0,0.0,0.0,0.0,0.0,0.06,0.9,1.7,1.38,0.3,,16.67,,,,,22
42,TX,7.25,0.0,0.0,0.0,0.0,0.0,0.0,0.06,0.9,1.7,1.38,0.3,,16.67,,,,,23
42,TX,7.25,0.0,0.0,0.0,0.0,0.0,0.0,0.06,0.9,1.7,1.38,0.3,,16.67,,,,,24
42,TX,7.25,0.0,0.0,0.0,0.0,0.0,0.0,0.06,0.9,1.7,1.38,0.3,,16.67,,,,,25
42,TX,7.25,0.0,0.0,0.0,0.0,0.0,0.0,0.06,0.9,1.7,1.38,0.3,,16.67,,,,,26
42,TX,7.25,0.0,0.0,0.0,0.0,0.0,0.0,0.06,0.9,1.7,1.38,0.3,,16.67,,,,,27
42,TX,7.25,0.0,0.0,0.0,0.0,0.0,0.0,0.06,0.9,1.7,1.38,0.3,,16.67,,,,,28
42,TX,7.25,0.0,0.0,0.0,0.0,0.0,0.0,0.06,0.9,1.7,1.38,0.3,,16.67,,,,,29
42,TX,7.25,0.0,0.0,0.0,0.0,0.0,0.0,0.06,0.9,1.7,1.38,0.3,,16.67,,,,,30
42,TX,7.25,0.0,0.0,0.0,0.0,0.0,0.0,0.06,0.9,1.7,1.38,0.3,,16.67,,,,,31
42,TX,7.25,0.0,0.0,0.0,0.0,0.0,0.0,0.06,0.9,1.7,1.38,0.3,,16.67,,,,,32
42,TX,7.25,0.0,0.0,0.0,0.0,0.0,0.0,0.06,0.9,1.7,1.38,0.3,,16.67,,,,,33
42,TX,7.25,0.0,0.0,0.0,0.0,0.0,0.0,0.06,0.9,1.7,1.38,0.3,,16.67,,,,,34
42,TX,7.25,0.0,0.0,0.0,0.0,0.0,0.0,0.06,0.9,1.7,1.38,0.3,,16.67,,,,,35
42,TX,7.25,0.0,0.0,0.0,0.0,0.0,0.0,0.06,0.9,1.7,1.38,0.3,,16.67,,,,,36
42,TX,7.25,0.0,0.0,0.0,0.0,0.0,0.0,0.06,0.9,1.7,1.38,0.3,,16.67,,,,,37
42,TX,7.25,0.0,0.0,0.0,0.0,0.0,0.0,0.06,0.9,1.7,1.38,0.3,,16.67,,,,,38
42,TX,7.25,0.0,0.0,0.0,0.0,0.0,0.0,0.06,0.9,1.7,1.38,0.3,,16.67,,,,,39
42,TX,7.25,0.0,0.0,0.0,0.0,0.0,0.0,0.06,0.9,1.7,1.38,0.3,,16.67,,,,,40
42,TX,7.25,0.0,0.0,0.0,0.0,0.0,0.0,0.06,0.9,1.7,1.38,0.3,,16.67,,,,,41
42,TX,7.25,0.0,0.0,0.0,0.0,0.0,0.0,0.06,0.9,1.7,1.38,0.3,,16.67,,,,,42
42,TX,7.25,0.0,0.0,0.0,0.0,0.0,0.0,0.06,0.9,1.7,1.38,0.3,,16.67,,,,,43
42,TX,7.25,0.0,0.0,0.0,0.0,0.0,0.0,0.06,0.9,1.7,1.38,0.3,,16.67,,,,,44
42,TX,7.25,0.0,0.0,0.0,0.0,0.0,0.0,0.06,0.9,1.7,1.38,0.3,,16.67,,,,,45
42,TX,7.25,0.0,0.0,0.0,0.0,0.0,0.0,0.06,0.9,1.7,1.38,0.3,,16.67,,,,,46
42,TX,7.25,0.0,0.0,0.0,0.0,0.0,0.0,0.06,0.9,1.7,1.38,0.3,,16.67,,,,,47
42,TX,7.25,0.0,0.0,0.0,0.0,0.0,0.0,0.06,0.9,1.7,1.38,0.3,,16.67,,,,,48
42,TX,7.25,0.0,0.0,0.0,0.0,0.0,0.0,0.06,0.9,1.7,1.38,0.3,,16.67,,,,,49
42,TX,7.25,0.0,0.0,0.0,0.0,0.0,0.0,0.06,0.9,1.7,1.38,0.3,,16.67,,,,,50
42,TX,7.25,0.0,0.0,0.0,0.0,0.0,0.0,0.06,0.9,1.7,1.38,0.3,,16.67,,,,,51
42,TX,7.25,0.0,0.0,0.0,0.0,0.0,0.0,0.06,0.9,1.7,1.38,0.3,,16.67,,,,,52
42,TX,7.25,0.0,0.0,0.0,0.0,0.0,0.0,0.06,0.9,1.7,1.38,0.3,,16.67,,,,,53
42,TX,7.25,0.0,0.0,0.0,0.0,0.0,0.0,0.06,0.9,1.7,1.38,0.3,,16.67,,,,,54
42,TX,7.25,0.0,0.0,0.0,0.0,0.0,0.0,0.06,0.9,1.7,1.38,0.3,,16.67,,,,,55
42,TX,7.25,0.0,0.0,0.0,0.0,0.0,0.0,0.06,0.9,1.7,1.38,0.3,,16.67,,,,,56
42,TX,7.25,0.0,0.0,0.0,0.0,0.0,0.0,0.06,0.9,1.7,1.38,0.3,,16.67,,,,,57
42,TX,7.25,0.0,0.0,0.0,0.0,0.0,0.0,0.06,0.9,1.7,1.38,0.3,,16.67,,,,,58
42,TX,7.25,0.0,0.0,0.0,0.0,0.0,0.0,0.06,0.9,1.7,1.38,0.3,,16.67,,,,,59
42,TX,7.25,0.0,0.0,0.0,0.0,0.0,0.0,0.06,0.9,1.7,1.38,0.3,,16.67,,,,,60
42,TX,7.25,0.0,0.0,0.0,0.0,0.0,0.0,0.06,0.9,1.7,1.38,0.3,,16.67,,,,,61
42,TX,7.25,0.0,0.0,0.0,0.0,0.0,0.0,0.06,0.9,1.7,1.38,0.3,,16.67,,,,,62
42,TX,7.25,0.0,0.0,0.0,0.0,0.0,0.0,0.06,0.9,1.7,1.38,0.3,,16.67,,,,,63
42,TX,7.25,0.0,0.0,0.0,0.0,0.0,0.0,0.06,0.9,1.7,1.38,0.3,,16.67,,,,,64
42,TX,7.25,0.0,0.0,0.0,0.0,0.0,0.0,0.06,0.9,1.7,1.38,0.3,,16.67,,,,,65
42,TX,7.25,0.0,0.0,0.0,0.0,0.0,0.0,0.06,0.9,1.7,1.38,0.3,,16.67,,,,,66
42,TX,7.25,0.0,0.0,0.0,0.0,0.0,0.0,0.06,0.9,1.7,1.38,0.3,,16.67,,,,,67
42,TX,7.25,0.0,0.0,0.0,0.0,0.0,0.0,0.06,0.9,1.7,1.38,0.3,,16.67,,,,,68
42,TX,7.25,0.0,0.0,0.0,0.0,0.0,0.0,0.06,0.9,1.7,1.38,0.3,,16.67,,,,,69
42,TX,7.25,0.0,0.0,0.0,0.0,0.0,0.0,0.06,0.9,1.7,1.38,0.3,,16.67,,,,,70
42,TX,7.25,0.0,0.0,0.0,0.0,0.0,0.0,0.06,0.9,1.7,1.38,0.3,,16.67,,,,,71
42,TX,7.25,0.0,0.0,0.0,0.0,0.0,0.0,0.06,0.9,1.7,1.38,0.3,,16.67,,,,,72
42,TX,7.25,0.0,0.0,0.0,0.0,0.0,0.0,0.06,0.9,1.7,1.38,0.3,,16.67,,,,,73
42,TX,7.25,0.0,0.0,0.0,0.0,0.0,0.0,0.06,0.9,1.7,1.38,0.3,,16.67,,,,,74
42,TX,7.25,0.0,0.0,0.0,0.0,0.0,0.0,0.06,0.9,1.7,1.38,0.3,,16.67,,,,,75
42,TX,7.25,0.0,0.0,0.0,0.0,0.0,0.0,0.06,0.9,1.7,1.38,0.3,,16.67,,,,,76
42,TX,7.25,0.0,0.0,0.0,0.0,0.0,0.0,0.06,0.9,1.7,1.38,0.3,,16.67,,,,,77
42,TX,7.25,0.0,0.0,0.0,0.0,0.0,0.0,0.06,0.9,1.7,1.38,0.3,,16.67,,,,,78
42,TX,7.25,0.0,0.0,0.0,0.0,0.0,0.0,0.06,0.9,1.7,1.38,0.3,,16.67,,,,,79
42,TX,7.25,0.0,0.0,0.0,0.0,0.0,0.0,0.06,0.9,1.7,1.38,0.3,,16.67,,,,,80
42,TX,7.25,0.0,0.0,0.0,0.0,0.0,0.0,0.06,0.9,1.7,1.38,0.3,,16.67,,,,,81
42,TX,7.25,0.0,0.0,0.0,0.0,0.0,0.0,0.06,0.9,1.7,1.38,0.3,,16.67,,,,,82
42,TX,7.25,0.0,0.0,0.0,0.0,0.0,0.0,0.06,0.9,1.7,1.38,0.3,,16.67,,,,,83
42,TX,7.25,0.0,0.0,0.0,0.0,0.0,0.0,0.06,0.9,1.7,1.38,0.3,,16.67,,,,,84
42,TX,7.25,0.0,0.0,0.0,0.0,0.0,0.0,0.06,0.9,1.7,1.38,0.3,,16.67,,,,,85
42,TX,7.25,0.0,0.0,0.0,0.0,0.0,0.0,0.06,0.9,1.7,1.38,0.3,,16.67,,,,,86
42,TX,7.25,0.0,0.0,0.0,0.0,0.0,0.0,0.06,0.9,1.7,1.38,0.3,,16.67,,,,,87
42,TX,7.25,0.0,0.0,0.0,0.0,0.0,0.0,0.06,0.9,1.7,1.38,0.3,,16.67,,,,,88
42,TX,7.25,0.0,0.0,0.0,0.0,0.0,0.0,0.06,0.9,1.7,1.38,0.3,,16.67,,,,,89
42,TX,7.25,0.0,0.0,0.0,0.0,0.0,0.0,0.06,0.9,1.7,1.38,0.3,,16.67,,,,,90
42,TX,7.25,0.0,0.0,0.0,0.0,0.0,0.0,0.06,0.9,1.7,1.38,0.3,,16.67,,,,,91
42,TX,7.25,0.0,0.0,0.0,0.0,0.0,0.0,0.06,0.9,1.7,1.38,0.3,,16.67,,,,,92
42,TX,7.25,0.0,0.0,0.0,0.0,0.0,0.0,0.06,0.9,1.7,1.38,0.3,,16.67,,,,,93
42,TX,7.25,0.0,0.0,0.0,0.0,0.0,0.0,0.06,0.9,1.7,1.38,0.3,,16.67,,,,,94
42,TX,7.25,0.0,0.0,0.0,0.0,0.0,0.0,0.06,0.9,1.7,1.38,0.3,,16.67,,,,,95
42,TX,7.25,0.0,0.0,0.0,0.0,0.0,0.0,0.06,0.9,1.7,1.38,0.3,,16.67,,,,,96
42,TX,7.25,0.0,0.0,0.0,0.0,0.0,0.0,0.06,0.9,1.7,1.38,0.3,,16.67,,,,,97
42,TX,7.25,0.0,0.0,0.0,0.0,0.0,0.0,0.06,0.9,1.7,1.38,0.3,,16.67,,,,,98
42,TX,7.25,0.0,0.0,0.0,0.0,0.0,0.0,0.06,0.9,1.7,1.38,0.3,,16.67,,,,,99
42,TX,7.25,0.0,0.0,0.0,0.0,0.0,0.0,0.06,0.9,1.7,1.38,0.3,,16.67,,,,,100
42,TX,7.25,0.0,0.0,0.0,0.0,0.0,0.0,0.06,0.9,1.7,1.38,0.3,,16.67,,,,,101
42,TX,7.25,0.0,0.0,0.0,0.0,0.0,0.0,0.06,0.9,1.7,1.38,0.3,,16.67,,,,,102
42,TX,7.25,0.0,0.0,0.0,0.0,0.0,0.0,0.06,0.9,1.7,1.38,0.3,,16.67,,,,,103
42,TX,7.25,0.0,0.0,0.0,0.0,0.0,0.0,0.06,0.9,1.7,1.38,0.3,,16.67,,,,,104
42,TX,7.25,0.0,0.0,0.0,0.0,0.0,0.0,0.06,0.9,1.7,1.38,0.3,,16.67,,,,,105
42,TX,7.25,0.0,0.0,0.0,0.0,0.0,0.0,0.06,0.9,1.7,1.38,0.3,,16.67,,,,,106
42,TX,7.25,0.0,0.0,0.0,0.0,0.0,0.0,0.06,0.9,1.7,1.38,0.3,,16.67,,,,,107
42,TX,7.25,0.0,0.0,0.0,0.0,0.0,0.0,0.06,0.9,1.7,1.38,0.3,,16.67,,,,,108
42,TX,7.25,0.0,0.0,0.0,0.0,0.0,0.0,0.06,0.9,1.7,1.38,0.3,,16.67,,,,,109
42,TX,7.25,0.0,0.0,0.0,0.0,0.0,0.0,0.06,0.9,1.7,1.38,0.3,,16.67,,,,,110
42,TX,7.25,0.0,0.0,0.0,0.0,0.0,0.0,0.06,0.9,1.7,1.38,0.3,,16.67,,,,,111
42,TX,7.25,0.0,0.0,0.0,0.0,0.0,0.0,0.06,0.9,1.7,1.38,0.3,,16.67,,,,,112
42,TX,7.25,0.0,0.0,0.0,0.0,0.0,0.0,0.06,0.9,1.7,1.38,0.3,,16.67,,,,,113
42,TX,7.25,0.0,0.0,0.0,0.0,0.0,0.0,0.06,0.9,1.7,1.38,0.3,,16.67,,,,,114
42,TX,7.25,0.0,0.0,0.0,0.0,0.0,0.0,0.06,0.9,1.7,1.38,0.3,,16.67,,,,,115
42,TX,7.25,0.0,0.0,0.0,0.0,0.0,0.0,0.06,0.9,1.7,1.38,0.3,,16.67,,,,,116
42,TX,7.25,0.0,0.0,0.0,0.0,0.0,0.0,0.06,0.9,1.7,1.38,0.3,,16.67,,,,,117
42,TX,7.25,0.0,0.0,0.0,0.0,0.0,0.0,0.06,0.9,1.7,1.38,0.3,,16.67,,,,,118
42,TX,7.25,0.0,0.0,0.0,0.0,0.0,0.0,0.06,0.9,1.7,1.38,0.3,,16.67,,,,,119
42,TX,7.25,0.0,0.0,0.0,0.0,0.0,0.0,0.06,0.9,1.7,1.38,0.3,,16.67,,,,,120
42,TX,7.25,0.0,0.0,0.0,0.0,0.0,0.0,0.06,0.9,1.7,1.38,0.3,,16.67,,,,,121
42,TX,7.25,0.0,0.0,0.0,0.0,0.0,0.0,0.06,0.9,1.7,1.38,0.3,,16.67,,,,,122
42,TX,7.25,0.0,0.0,0.0,0.0,0.0,0.0,0.06,0.9,1.7,1.38,0.3,,16.67,,,,,123
42,TX,7.25,0.0,0.0,0.0,0.0,0.0,0.0,0.06,0.9,1.7,1.38,0.3,,16.67,,,,,124
42,TX,7.25,0.0,0.0,0.0,0.0,0.0,0.0,0.06,0.9,1.7,1.38,0.3,,16.67,,,,,125
42,TX,7.25,0.0,0.0,0.0,0.0,0.0,0.0,0.06,0.9,1.7,1.38,0.3,,16.67,,,,,126
42,TX,7.25,0.0,0.0,0.0,0.0,0.0,0.0,0.06,0.9,1.7,1.38,0.3,,16.67,,,,,127
42,TX,7.25,0.0,0.0,0.0,0.0,0.0,0.0,0.06,0.9,1.7,1.38,0.3,,16.67,,,,,128
42,TX,7.25,0.0,0.0,0.0,0.0,0.0,0.0,0.06,0.9,1.7,1.38,0.3,,16.67,,,,,129
42,TX,7.25,0.0,0.0,0.0,0.0,0.0,0.0,0.06,0.9,1.7,1.38,0.3,,16.67,,,,,130
42,TX,7.25,0.0,0.0,0.0,0.0,0.0,0.0,0.06,0.9,1.7,1.38,0.3,,16.67,,,,,131
42,TX,7.25,0.0,0.0,0.0,0.0,0.0,0.0,0.06,0.9,1.7,1.38,0.3,,16.67,,,,,132
42,TX,7.25,0.0,0.0,0.0,0.0,0.0,0.0,0.06,0.9,1.7,1.38,0.3,,16.67,,,,,133
42,TX,7.25,0.0,0.0,0.0,0.0,0.0,0.0,0.06,0.9,1.7,1.38,0.3,,16.67,,,,,134
42,TX,7.25,0.0,0.0,0.0,0.0,0.0,0.0,0.06,0.9,1.7,1.38,0.3,,16.67,,,,,135
42,TX,7.25,0.0,0.0,0.0,0.0,0.0,0.0,0.06,0.9,1.7,1.38,0.3,,16.67,,,,,136
42,TX,7.25,0.0,0.0,0.0,0.0,0.0,0.0,0.06,0.9,1.7,1.38,0.3,,16.67,,,,,137
42,TX,7.25,0.0,0.0,0.0,0.0,0.0,0.0,0.06,0.9,1.7,1.38,0.3,,16.67,,,,,138
42,TX,7.25,0.0,0.0,0.0,0.0,0.0,0.0,0.06,0.9,1.7,1.38,0.3,,16.67,,,,,139
42,TX,7.25,0.0,0.0,0.0,0.0,0.0,0.0,0.06,0.9,1.7,1.38,0.3,,16.67,,,,,140
42,TX,7.25,0.0,0.0,0.0,0.0,0.0,0.0,0.06,0.9,1.7,1.38,0.3,,16.67,,,,,141
42,TX,7.25,0.0,0.0,0.0,0.0,0.0,0.0,0.06,0.9,1.7,1.38,0.3,,16.67,,,,,142
42,TX,7.25,0.0,0.0,0.0,0.0,0.0,0.0,0.06,0.9,1.7,1.38,0.3,,16.67,,,,,143
42,TX,7.25,0.0,0.0,0.0,0.0,0.0,0.0,0.06,0.9,1.7,1.38,0.3,,16.67,,,,,144
42,TX,7.25,0.0,0.0,0.0,0.0,0.0,0.0,0.06,0.9,1.7,1.38,0.3,,16.67,,,,,145
42,TX,7.25,0.0,0.0,0.0,0.0,0.0,0.0,0.06,0.9,1.7,1.38,0.3,,16.67,,,,,146
42,TX,7.25,0.0,0.0,0.0,0.0,0.0,0.0,0.06,0.9,1.7,1.38,0.3,,16.67,,,,,147
42,TX,7.25,0.0,0.0,0.0,0.0,0.0,0.0,0.06,0.9,1.7,1.38,0.3,,16.67,,,,,148
42,TX,7.25,0.0,0.0,0.0,0.0,0.0,0.0,0.06,0.9,1.7,1.38,0.3,,16.67,,,,,149
42,TX,7.25,0.0,0.0,0.0,0.0,0.0,0.0,0.06,0.9,1.7,1.38,0.3,,16.67,,,,,150
42,TX,7.25,0.0,0.0,0.0,0.0,0.0,0.0,0.06,0.9,1.7,1.38,0.3,,16.67,,,,,151
42,TX,7.25,0.0,0.0,0.0,0.0,0.0,0.0,0.06,0.9,1.7,1.38,0.3,,16.67,,,,,152
42,TX,7.25,0.0,0.0,0.0,0.0,0.0,0.0,0.06,0.9,1.7,1.38,0.3,,16.67,,,,,153
42,TX,7.25,0.0,0.0,0.0,0.0,0.0,0.0,0.06,0.9,1.7,1.38,0.3,,16.67,,,,,154
42,TX,7.25,0.0,0.0,0.0,0.0,0.0,0.0,0.06,0.9,1.7,1.38,0.3,,16.67,,,,,155
42,TX,7.25,0.0,0.0,0.0,0.0,0.0,0.0,0.06,0.9,1.7,1.38,0.3,,16.67,,,,,156
42,TX,7.25,0.0,0.0,0.0,0.0,0.0,0.0,0.06,0.9,1.7,1.38,0.3,,16.67,,,,,157
42,TX,7.25,0.0,0.0,0.0,0.0,0.0,0.0,0.06,0.9,1.7,1.38,0.3,,16.67,,,,,158
42,TX,7.25,0.0,0.0,0.0,0.0,0.0,0.0,0.06,0.9,1.7,1.38,0.3,,16.67,,,,,159
42,TX,7.25,0.0,0.0,0.0,0.0,0.0,0.0,0.06,0.9,1.7,1.38,0.3,,16.67,,,,,160
42,TX,7.25,0.0,0.0,0.0,0.0,0.0,0.0,0.06,0.9,1.7,1.38,0.3,,16.67,,,,,161
42,TX,7.25,0.0,0.0,0.0,0.0,0.0,0.0,0.06,0.9,1.7,1.38,0.3,,16.67,,,,,162
42,TX,7.25,0.0,0.0,0.0,0.0,0.0,0.0,0.06,0.9,1.7,1.38,0.3,,16.67,,,,,163
42,TX,7.25,0.0,0.0,0.0,0.0,0.0,0.0,0.06,0.9,1.7,1.38,0.3,,16.67,,,,,164
42,TX,7.25,0.0,0.0,0.0,0.0,0.0,0.0,0.06,0.9,1.7,1.38,0.3,,16.67,,,,,165
42,TX,7.25,0.0,0.0,0.0,0.0,0.0,0.0,0.06,0.9,1.7,1.38,0.3,,16.67,,,,,166
42,TX,7.25,0.0,0.0,0.0,0.0,0.0,0.0,0.06,0.9,1.7,1.38,0.3,,16.67,,,,,167
42,TX,7.25,0.0,0.0,0.0,0.0,0.0,0.0,0.06,0.9,1.7,1.38,0.3,,16.67,,,,,168
42,TX,7.25,0.0,0.0,0.0,0.0,0.0,0.0,0.06,0.9,1.7,1.38,0.3,,16.67,,,,,169
42,TX,7.25,0.0,0.0,0.0,0.0,0.0,0.0,0.06,0.9,1.7,1.38,0.3,,16.67,,,,,170
42,TX,7.25,0.0,0.0,0.0,0.0,0.0,0.0,0.06,0.9,1.7,1.38,0.3,,16.67,,,,,171
42,TX,7.25,0.0,0.0,0.0,0.0,0.0,0.0,0.06,0.9,1.7,1.38,0.3,,16.67,,,,,172
42,TX,7.25,0.0,0.0,0.0,0.0,0.0,0.0,0.06,0.9,1.7,1.38,0.3,,16.67,,,,,173
42,TX,7.25,0.0,0.0,0.0,0.0,0.0,0.0,0.06,0.9,1.7,1.38,0.3,,16.67,,,,,174
42,TX,7.25,0.0,0.0,0.0,0.0,0.0,0.0,0.06,0.9,1.7,1.38,0.3,,16.67,,,,,175
42,TX,7.25,0.0,0.0,0.0,0.0,0.0,0.0,0.06,0.9,1.7,1.38,0.3,,16.67,,,,,176
42,TX,7.25,0.0,0.0,0.0,0.0,0.0,0.0,0.06,0.9,1.7,1.38,0.3,,16.67,,,,,177
42,TX,7.25,0.0,0.0,0.0,0.0,0.0,0.0,0.06,0.9,1.7,1.38,0.3,,16.67,,,,,178
42,TX,7.25,0.0,0.0,0.0,0.0,0.0,0.0,0.06,0.9,1.7,1.38,0.3,,16.67,,,,,179
42,TX,7.25,0.0,0.0,0.0,0.0,0.0,0.0,0.06,0.9,1.7,1.38,0.3,,16.67,,,,,180
42,TX,7.25,0.0,0.0,0.0,0.0,0.0,0.0,0.06,0.9,1.7,1.38,0.3,,16.67,,,,,181
42,TX,7.25,0.0,0.0,0.0,0.0,0.0,0.0,0.06,0.9,1.7,1.38,0.3,,16.67,,,,,182
42,TX,7.25,0.0,0.0,0.0,0.0,0.0,0.0,0.06,0.9,1.7,1.38,0.3,,16.67,,,,,183
42,TX,7.25,0.0,0.0,0.0,0.0,0.0,0.0,0.06,0.9,1.7,1.38,0.3,,16.67,,,,,184
42,TX,7.25,0.0,0.0,0.0,0.0,0.0,0.0,0.06,0.9,1.7,1.38,0.3,,16.67,,,,,185
42,TX,7.25,0.0,0.0,0.0,0.0,0.0,0.0,0.06,0.9,1.7,1.38,0.3,,16.67,,,,,186
42,TX,7.25,0.0,0.0,0.0,0.0,0.0,0.0,0.06,0.9,1.7,1.38,0.3,,16.67,,,,,187
42,TX,7.25,0.0,0.0,0.0,0.0,0.0,0.0,0.06,0.9,1.7,1.38,0.3,,16.67,,,,,188
42,TX,7.25,0.0,0.0,0.0,0.0,0.0,0.0,0.06,0.9,1.7,1.38,0.3,,16.67,,,,,189
42,TX,7.25,0.0,0.0,0.0,0.0,0.0,0.0,0.06,0.9,1.7,1.38,0.3,,16.67,,,,,190
42,TX,7.25,0.0,0.0,0.0,0.0,0.0,0.0,0.06,0.9,1.7,1.38,0.3,,16.67,,,,,191
42,TX,7.25,0.0,0.0,0.0,0.0,0.0,0.0,0.06,0.9,1.7,1.38,0.3,,16.67,,,,,192
42,TX,7.25,0.0,0.0,0.0,0.0,0.0,0.0,0.06,0.9,1.7,1.38,0.3,,16.67,,,,,193
42,TX,7.25,0.0,0.0,0.0,0.0,0.0,0.0,0.06,0.9,1.7,1.38,0.3,,16.67,,,,,194
42,TX,7.25,0.0,0.0,0.0,0.0,0.0,0.0,0.06,0.9,1.7,1.38,0.3,,16.67,,,,,195
42,TX,7.25,0.0,0.0,0.0,0.0,0.0,0.0,0.06,0.9,1.7,1.38,0.3,,16.67,,,,,196
42,TX,7.25,0.0,0.0,0.0,0.0,0.0,0.0,0.06,0.9,1.7,1.38,0.3,,16.67,,,,,197
42,TX,7.25,0.0,0.0,0.0,0.0,0.0,0.0,0.06,0.9,1.7,1.38,0.3,,16.67,,,,,198
42,TX,7.25,0.0,0.0,0.0,0.0,0.0,0.0,0.06,0.9,1.7,1.38,0.3,,16.67,,,,,199
42,TX,7.25,0.0,0.0,0.0,0.0,0.0,0.0,0.06,0.9,1.7,1.38,0.3,,16.67,,,,,200
42,TX,7.25,0.0,0.0,0.0,0.0,0.0,0.0,0.06,0.9,1.7,1.38,0.3,,16.67,,,,,201
42,TX,7.25,0.0,0.0,0.0,0.0,0.0,0.0,0.06,0.9,1.7,1.38,0.3,,16.67,,,,,202
42,TX,7.25,0.0,0.0,0.0,0.0,0.0,0.0,0.06,0.9,1.7,1.38,0.3,,16.67,,,,,203
42,TX,7.25,0.0,0.0,0.0,0.0,0.0,0.0,0.06,0.9,1.7,1.38,0.3,,16.67,,,,,204
42,TX,7.25,0.0,0.0,0.0,0.0,0.0,0.0,0.06,0.9,1.7,1.38,0.3,,16.67,,,,,205
42,TX,7.25,0.0,0.0,0.0,0.0,0.0,0.0,0.06,0.9,1.7,1.38,0.3,,16.67,,,,,206
42,TX,7.25,0.0,0.0,0.0,0.0,0.0,0.0,0.06,0.9,1.7,1.38,0.3,,16.67,,,,,207
42,TX,7.25,0.0,0.0,0.0,0.0,0.0,0.0,0.06,0.9,1.7,1.38,0.3,,16.67,,,,,208
42,TX,7.25,0.0,0.0,0.0,0.0,0.0,0.0,0.06,0.9,1.7,1.38,0.3,,16.67,,,,,209
42,TX,7.25,0.0,0.0,0.0,0.0,0.0,0.0,0.06,0.9,1.7,1.38,0.3,,16.67,,,,,210
42,TX,7.25,0.0,0.0,0.0,0.0,0.0,0.0,0.06,0.9,1.7,1.38,0.3,,16.67,,,,,211
42,TX,7.25,0.0,0.0,0.0,0.0,0.0,0.0,0.06,0.9,1.7,1.38,0.3,,16.67,,,,,212
42,TX,7.25,0.0,0.0,0.0,0.0,0.0,0.0,0.06,0.9,1.7,1.38,0.3,,16.67,,,,,213
42,TX,7.25,0.0,0.0,0.0,0.0,0.0,0.0,0.06,0.9,1.7,1.38,0.3,,16.67,,,,,214
42,TX,7.25,0.0,0.0,0.0,0.0,0.0,0.0,0.06,0.9,1.7,1.38,0.3,,16.67,,,,,215
42,TX,7.25,0.0,0.0,0.0,0.0,0.0,0.0,0.06,0.9,1.7,1.38,0.3,,16.67,,,,,216
42,TX,7.25,0.0,0.0,0.0,0.0,0.0,0.0,0.06,0.9,1.7,1.38,0.3,,16.67,,,,,217
42,TX,7.25,0.0,0.0,0.0,0.0,0.0,0.0,0.06,0.9,1.7,1.38,0.3,,16.67,,,,,218
42,TX,7.25,0.0,0.0,0.0,0.0,0.0,0.0,0.06,0.9,1.7,1.38,0.3,,16.67,,,,,219
42,TX,7.25,0.0,0.0,0.0,0.0,0.0,0.0,0.06,0.9,1.7,1.38,0.3,,16.67,,,,,220
42,TX,7.25,0.0,0.0,0.0,0.0,0.0,0.0,0.06,0.9,1.7,1.38,0.3,,16.67,,,,,221
42,TX,7.25,0.0,0.0,0.0,0.0,0.0,0.0,0.06,0.9,1.7,1.38,0.3,,16.67,,,,,222
42,TX,7.25,0.0,0.0,0.0,0.0,0.0,0.0,0.06,0.9,1.7,1.38,0.3,,16.67,,,,,223
42,TX,7.25,0.0,0.0,0.0,0.0,0.0,0.0,0.06,0.9,1.7,1.38,0.3,,16.67,,,,,224
42,TX,7.25,0.0,0.0,0.0,0.0,0.0,0.0,0.06,0.9,1.7,1.38,0.3,,16.67,,,,,225
42,TX,7.25,0.0,0.0,0.0,0.0,0.0,0.0,0.06,0.9,1.7,1.38,0.3,,16.67,,,,,226
42,TX,7.25,0.0,0.0,0.0,0.0,0.0,0.0,0.06,0.9,1.7,1.38,0.3,,16.67,,,,,227
42,TX,7.25,0.0,0.0,0.0,0.0,0.0,0.0,0.06,0.9,1.7,1.38,0.3,,16.67,,,,,228
42,TX,7.25,0.0,0.0,0.0,0.0,0.0,0.0,0.06,0.9,1.7,1.38,0.3,,16.67,,,,,229
42,TX,7.25,0.0,0.0,0.0,0.0,0.0,0.0,0.06,0.9,1.7,1.38,0.3,,16.67,,,,,230
42,TX,7.25,0.0,0.0,0.0,0.0,0.0,0.0,0.06,0.9,1.7,1.38,0.3,,16.67,,,,,231
42,TX,7.25,0.0,0.0,0.0,0.0,0.0,0.0,0.06,0.9,1.7,1.38,0.3,,16.67,,,,,232
42,TX,7.25,0.0,0.0,0.0,0.0,0.0,0.0,0.06,0.9,1.7,1.38,0.3,,16.67,,,,,233
42,TX,7.25,0.0,0.0,0.0,0.0,0.0,0.0,0.06,0.9,1.7,1.38,0.3,,16.67,,,,,234
42,TX,7.25,0.0,0.0,0.0,0.0,0.0,0.0,0.06,0.9,1.7,1.38,0.3,,16.67,,,,,235
42,TX,7.25,0.0,0.0,0.0,0.0,0.0,0.0,0.06,0.9,1.7,1.38,0.3,,16.67,,,,,236
42,TX,7.25,0.0,0.0,0.0,0.0,0.0,0.0,0.06,0.9,1.7,1.38,0.3,,16.67,,,,,237
42,TX,7.25,0.0,0.0,0.0,0.0,0.0,0.0,0.06,0.9,1.7,1.38,0.3,,16.67,,,,,238
42,TX,7.25,0.0,0.0,0.0,0.0,0.0,0.0,0.06,0.9,1.7,1.38,0.3,,16.67,,,,,239
42,TX,7.25,0.0,0.0,0.0,0.0,0.0,0.0,0.06,0.9,1.7,1.38,0.3,,16.67,,,,,240
42,TX,7.25,0.0,0.0,0.0,0.0,0.0,0.0,0.06,0.9,1.7,1.38,0.3,,16.67,,,,,241
42,TX,7.25,0.0,0.0,0.0,0.0,0.0,0.0,0.06,0.9,1.7,1.38,0.3,,16.67,,,,,242
42,TX,7.25,0.0,0.0,0.0,0.0,0.0,0.0,0.06,0.9,1.7,1.38,0.3,,16.67,,,,,243
42,TX,7.25,0.0,0.0,0.0,0.0,0.0,0.0,0.06,0.9,1.7,1.38,0.3,,16.67,,,,,244
42,TX,7.25,0.0,0.0,0.0,0.0,0.0,0.0,0.06,0.9,1.7,1.38,0.3,,16.67,,,,,245
42,TX,7.25,0.0,0.0,0.0,0.0,0.0,0.0,0.06,0.9,1.7,1.38,0.3,,16.67,,,,,246
42,TX,7.25,0.0,0.0,0.0,0.0,0.0,0.0,0.06,0.9,1.7,1.38,0.3,,16.67,,,,,247
42,TX,7.25,0.0,0.0,0.0,0.0,0.0,0.0,0.06,0.9,1.7,1.38,0.3,,16.67,,,,,248
42,TX,7.25,0.0,0.0,0.0,0.0,0.0,0.0,0.06,0.9,1.7,1.38,0.3,,16.67,,,,,249
42,TX,7.25,0.0,0.0,0.0,0.0,0.0,0.0,0.06,0.9,1.7,1.38,0.3,,16.67,,,,,250
42,TX,7.25,0.0,0.0,0.0,0.0,0.0,0.0,0.06,0.9,1.7,1.38,0.3,,16.67,,,,,251
42,TX,7.25,0.0,0.0,0.0,0.0,0.0,0.0,0.06,0.9,1.7,1.38,0.3,,16.67,,,,,252
42,TX,7.25,0.0,0.0,0.0,0.0,0.0,0.0,0.06,0.9,1.7,1.38,0.3,,16.67,,,,,253
42,TX,7.25,0.0,0.0,0.0,0.0,0.0,0.0,0.06,0.9,1.7,1.38,0.3,,16.67,,,,,254
42,TX,7.25,0.0,0.0,0.0,0.0,0.0,0.0,0.06,0.9,1.7,1.38,0.3,,16.67,,,,,255
42,TX,7.25,0.0,0.0,0.0,0.0,0.0,0.0,0.06,0.9,1.7,1.38,0.3,,16.67,,,,,256
42,TX,7.25,0.0,0.0,0.0,0.0,0.0,0.0,0.06,0.9,1.7,1.38,0.3,,16.67,,,,,257
42,TX,7.25,0.0,0.0,0.0,0.0,0.0,0.0,0.06,0.9,1.7,1.38,0.3,,16.67,,,,,258
42,TX,7.25,0.0,0.0,0.0,0.0,0.0,0.0,0.06,0.9,1.7,1.38,0.3,,16.67,,,,,259
42,TX,7.25,0.0,0.0,0.0,0.0,0.0,0.0,0.06,0.9,1.7,1.38,0.3,,16.67,,,,,260
42,TX,7.25,0.0,0.0,0.0,0.0,0.0,0.0,0.06,0.9,1.7,1.38,0.3,,16.67,,,,,261
42,TX,7.25,0.0,0.0,0.0,0.0,0.0,0.0,0.06,0.9,1.7,1.38,0.3,,16.67,,,,,262
42,TX,7.25,0.0,0.0,0.0,0.0,0.0,0.0,0.06,0.9,1.7,1.38,0.3,,16.67,,,,,263
42,TX,7.25,0.0,0.0,0.0,0.0,0.0,0.0,0.06,0.9,1.7,1.38,0.3,,16.67,,,,,264
42,TX,7.25,0.0,0.0,0.0,0.0,0.0,0.0,0.06,0.9,1.7,1.38,0.3,,16.67,,,,,265
42,TX,7.25,0.0,0.0,0.0,0.0,0.0,0.0,0.06,0.9,1.7,1.38,0.3,,16.67,,,,,266
42,TX,7.25,0.0,0.0,0.0,0.0,0.0,0.0,0.06,0.9,1.7,1.38,0.3,,16.67,,,,,267
42,TX,7.25,0.0,0.0,0.0,0.0,0.0,0.0,0.06,0.9,1.7,1.38,0.3,,16.67,,,,,268
42,TX,7.25,0.0,0.0,0.0,0.0,0.0,0.0,0.06,0.9,1.7,1.38,0.3,,16.67,,,,,269
42,TX,7.25,0.0,0.0,0.0,0.0,0.0,0.0,0.06,0.9,1.7,1.38,0.3,,16.67,,,,,270
42,TX,7.25,0.0,0.0,0.0,0.0,0.0,0.0,0.06,0.9,1.7,1.38,0.3,,16.67,,,,,271
42,TX,7.25,0.0,0.0,0.0,0.0,0.0,0.0,0.06,0.9,1.7,1.38,0.3,,16.67,,,,,272
42,TX,7.25,0.0,0.0,0.0,0.0,0.0,0.0,0.06,0.9,1.7,1.38,0.3,,16.67,,,,,273
42,TX,7.25,0.0,0.0,0.0,0.0,0.0,0.0,0.06,0.9,1.7,1.38,0.3,,16.67,,,,,274
42,TX,7.25,0.0,0.0,0.0,0.0,0.0,0.0,0.06,0.9,1.7,1.38,0.3,,16.67,,,,,275
42,TX,7.25,0.0,0.0,0.0,0.0,0.0,0.0,0.06,0.9,1.7,1.38,0.3,,16.67,,,,,276
42,TX,7.25,0.0,0.0,0.0,0.0,0.0,0.0,0.06,0.9,1.7,1.38,0.3,,16.67,,,,,277
42,TX,7.25,0.0,0.0,0.0,0.0,0.0,0.0,0.06,0.9,1.7,1.38,0.3,,16.67,,,,,278
42,TX,7.25,0.0,0.0,0.0,0.0,0.0,0.0,0.06,0.9,1.7,1.38,0.3,,16.67,,,,,279
42,TX,7.25,0.0,0.0,0.0,0.0,0.0,0.0,0.06,0.9,1.7,1.38,0.3,,16.67,,,,,280
42,TX,7.25,0.0,0.0,0.0,0.0,0.0,0.0,0.06,0.9,1.7,1.38,0.3,,16.67,,,,,281
42,TX,7.25,0.0,0.0,0.0,0.0,0.0,0.0,0.06,0.9,1.7,1.38,0.3,,16.67,,,,,282
42,TX,7.25,0.0,0.0,0.0,0.0,0.0,0.0,0.06,0.9,1.7,1.38,0.3,,16.67,,,,,283
42,TX,7.25,0.0,0.0,0.0,0.0,0.0,0.0,0.06,0.9,1.7,1.38,0.3,,16.67,,,,,284
42,TX,7.25,0.0,0.0,0.0,0.0,0.0,0.0,0.06,0.9,1.7,1.38,0.3,,16.67,,,,,285
42,TX,7.25,0.0,0.0,0.0,0.0,0.0,0.0,0.06,0.9,1.7,1.38,0.3,,16.67,,,,,286
42,TX,7.25,0.0,0.0,0.0,0.0,0.0,0.0,0.06,0.9,1.7,1.38,0.3,,16.67,,,,,287
42,TX,7.25,0.0,0.0,0.0,0.0,0.0,0.0,0.06,0.9,1.7,1.38,0.3,,16.67,,,,,288
42,TX,7.25,0.0,0.0,0.0,0.0,0.0,0.0,0.06,0.9,1.7,1.38,0.3,,16.67,,,,,289
42,TX,7.25,0.0,0.0,0.0,0.0,0.0,0.0,0.06,0.9,1.7,1.38,0.3,,16.67,,,,,290
42,TX,7.25,0.0,0.0,0.0,0.0,0.0,0.0,0.06,0.9,1.7,1.38,0.3,,16.67,,,,,291
42,TX,7.25,0.0,0.0,0.0,0.0,0.0,0.0,0.06,0.9,1.7,1.38,0.3,,16.67,,,,,292
42,TX,7.25,0.0,0.0,0.0,0.0,0.0,0.0,0.06,0.9,1.7,1.38,0.3,,16.67,,,,,293
42,TX,7.25,0.0,0.0,0.0,0.0,0.0,0.0,0.06,0.9,1.7,1.38,0.3,,16.67,,,,,294
42,TX,7.25,0.0,0.0,0.0,0.0,0.0,0.0,0.06,0.9,1.7,1.38,0.3,,16.67,,,,,295
42,TX,7.25,0.0,0.0,0.0,0.0,0.0,0.0,0.06,0.9,1.7,1.38,0.3,,16.67,,,,,296
42,TX,7.25,0.0,0.0,0.0,0.0,0.0,0.0,0.06,0.9,1.7,1.38,0.3,,16.67,,,,,297
42,TX,7.25,0.0,0.0,0.0,0.0,0.0,0.0,0.06,0.9,1.7,1.38,0.3,,16.67,,,,,298
42,TX,7.25,0.0,0.0,0.0,0.0,0.0,0.0,0.06,0.9,1.7,1.38,0.3,,16.67,,,,,299
42,TX,7.25,0.0,0.0,0.0,0.0,0.0,0.0,0.06,0.9,1.7,1.38,0.3,,16.67,,,,,300
42,TX,7.25,0.0,0.0,0.0,0.0,0.0,0.0,0.06,0.9,1.7,1.38,0.3,,16.67,,,,,301
42,TX,7.25,0.0,0.0,0.0,0.0,0.0,0.0,0.06,0.9,1.7,1.38,0.3,,16.67,,,,,302
42,TX,7.25,0.0,0.0,0.0,0.0,0.0,0.0,0.06,0.9,1.7,1.38,0.3,,16.67,,,,,303
42,TX,7.25,0.0,0.0,0.0,0.0,0.0,0.0,0.06,0.9,1.7,1.38,0.3,,16.67,,,,,304
42,TX,7.25,0.0,0.0,0.0,0.0,0.0,0.0,0.06,0.9,1.7,1.38,0.3,,16.67,,,,,305
42,TX,7.25,0.0,0.0,0.0,0.0,0.0,0.0,0.06,0.9,1.7,1.38,0.3,,16.67,,,,,306
42,TX,7.25,0.0,0.0,0.0,0.0,0.0,0.0,0.06,0.9,1.7,1.38,0.3,,16.67,,,,,307
42,TX,7.25,0.0,0.0,0.0,0.0,0.0,0.0,0.06,0.9,1.7,1.38,0.3,,16.67,,,,,308
42,TX,7.25,0.0,0.0,0.0,0.0,0.0,0.0,0.06,0.9,1.7,1.38,0.3,,16.67,,,,,309
42,TX,7.25,0.0,0.0,0.0,0.0,0.0,0.0,0.06,0.9,1.7,1.38,0.3,,16.67,,,,,310
42,TX,7.25,0.0,0.0,0.0,0.0,0.0,0.0,0.06,0.9,1.7,1.38,0.3,,16.67,,,,,311
42,TX,7.25,0.0,0.0,0.0,0.0,0.0,0.0,0.06,0.9,1.7,1.38,0.3,,16.67,,,,,312
42,TX,7.25,0.0,0.0,0.0,0.0,0.0,0.0,0.06,0.9,1.7,1.38,0.3,,16.67,,,,,313
42,TX,7.25,0.0,0.0,0.0,0.0,0.0,0.0,0.06,0.9,1.7,1.38,0.3,,16.67,,,,,314
42,TX,7.25,0.0,0.0,0.0,0.0,0.0,0.0,0.06,0.9,1.7,1.38,0.3,,16.67,,,,,315
42,TX,7.25,0.0,0.0,0.0,0.0,0.0,0.0,0.06,0.9,1.7,1.38,0.3,,16.67,,,,,316
42,TX,7.25,0.0,0.0,0.0,0.0,0.0,0.0,0.06,0.9,1.7,1.38,0.3,,16.67,,,,,317
42,TX,7.25,0.0,0.0,0.0,0.0,0.0,0.0,0.06,0.9,1.7,1.38,0.3,,16.67,,,,,318
42,TX,7.25,0.0,0.0,0.0,0.0,0.0,0.0,0.06,0.9,1.7,1.38,0.3,,16.67,,,,,319
42,TX,7.25,0.0,0.0,0.0,0.0,0.0,0.0,0.06,0.9,1.7,1.38,0.3,,16.67,,,,,320
42,TX,7.25,0.0,0.0,0.0,0.0,0.0,0.0,0.06,0.9,1.7,1.38,0.3,,16.67,,,,,321
42,TX,7.25,0.0,0.0,0.0,0.0,0.0,0.0,0.06,0.9,1.7,1.38,0.3,,16.67,,,,,322
42,TX,7.25,0.0,0.0,0.0,0.0,0.0,0.0,0.06,0.9,1.7,1.38,0.3,,16.67,,,,,323
42,TX,7.25,0.0,0.0,0.0,0.0,0.0,0.0,0.06,0.9,1.7,1.38,0.3,,16.67,,,,,324
42,TX,7.25,0.0,0.0,0.0,0.0,0.0,0.0,0.06,0.9,1.7,1.38,0.3,,16.67,,,,,325
42,TX,7.25,0.0,0.0,0.0,0.0,0.0,0.0,0.06,0.9,1.7,1.38,0.3,,16.67,,,,,326
42,TX,7.25,0.0,0.0,0.0,0.0,0.0,0.0,0.06,0.9,1.7,1.38,0.3,,16.67,,,,,327
42,TX,7.25,0.0,0.0,0.0,0.0,0.0,0.0,0.06,0.9,1.7,1.38,0.3,,16.67,,,,,328
42,TX,7.25,0.0,0.0,0.0,0.0,0.0,0.0,0.06,0.9,1.7,1.38,0.3,,16.67,,,,,329
42,TX,7.25,0.0,0.0,0.0,0.0,0.0,0.0,0.06,0.9,1.7,1.38,0.3,,16.67,,,,,330
42,TX,7.25,0.0,0.0,0.0,0.0,0.0,0.0,0.06,0.9,1.7,1.38,0.3,,16.67,,,,,331
42,TX,7.25,0.0,0.0,0.0,0.0,0.0,0.0,0.06,0.9,1.7,1.38,0.3,,16.67,,,,,332
42,TX,7.25,0.0,0.0,0.0,0.0,0.0,0.0,0.06,0.9,1.7,1.38,0.3,,16.67,,,,,333
42,TX,7.25,0.0,0.0,0.0,0.0,0.0,0.0,0.06,0.9,1.7,1.38,0.3,,16.67,,,,,334
42,TX,7.25,0.0,0.0,0.0,0.0,0.0,0.0,0.06,0.9,1.7,1.38,0.3,,16.67,,,,,335
42,TX,7.25,0.0,0.0,0.0,0.0,0.0,0.0,0.06,0.9,1.7,1.38,0.3,,16.67,,,,,336
42,TX,7.25,0.0,0.0,0.0,0.0,0.0,0.0,0.06,0.9,1.7,1.38,0.3,,16.67,,,,,337
42,TX,7.25,0.0,0.0,0.0,0.0,0.0,0.0,0.06,0.9,1.7,1.38,0.3,,16.67,,,,,338
42,TX,7.25,0.0,0.0,0.0,0.0,0.0,0.0,0.06,0.9,1.7,1.38,0.3,,16.67,,,,,339
42,TX,7.25,0.0,0.0,0.0,0.0,0.0,0.0,0.06,0.9,1.7,1.38,0.3,,16.67,,,,,340
42,TX,7.25,0.0,0.0,0.0,0.0,0.0,0.0,0.06,0.9,1.7,1.38,0.3,,16.67,,,,,341
42,TX,7.25,0.0,0.0,0.0,0.0,0.0,0.0,0.06,0.9,1.7,1.38,0.3,,16.67,,,,,342
42,TX,7.25,0.0,0.0,0.0,0.0,0.0,0.0,0.06,0.9,1.7,1.38,0.3,,16.67,,,,,343
42,TX,7.25,0.0,0.0,0.0,0.0,0.0,0.0,0.06,0.9,1.7,1.38,0.3,,16.67,,,,,344
42,TX,7.25,0.0,0.0,0.0,0.0,0.0,0.0,0.06,0.9,1.7,1.38,0.3,,16.67,,,,,345
42,TX,7.25,0.0,0.0,0.0,0.0,0.0,0.0,0.06,0.9,1.7,1.38,0.3,,16.67,,,,,346
42,TX,7.25,0.0,0.0,0.0,0.0,0.0,0.0,0.06,0.9,1.7,1.38,0.3,,16.67,,,,,347
42,TX,7.25,0.0,0.0,0.0,0.0,0.0,0.0,0.06,0.9,1.7,1.38,0.3,,16.67,,,,,348
42,TX,7.25,0.0,0.0,0.0,0.0,0.0,0.0,0.06,0.9,1.7,1.38,0.3,,16.67,,,,,349
42,TX,7.25,0.0,0.0,0.0,0.0,0.0,0.0,0.06,0.9,1.7,1.38,0.3,,16.67,,,,,350
42,TX,7.25,0.0,0.0,0.0,0.0,0.0,0.0,0.06,0.9,1.7,1.38,0.3,,16.67,,,,,351
42,TX,7.25,0.0,0.0,0.0,0.0,0.0,0.0,0.06,0.9,1.7,1.38,0.3,,16.67,,,,,352
42,TX,7.25,0.0,0.0,0.0,0.0,0.0,0.0,0.06,0.9,1.7,1.38,0.3,,16.67,,,,,353
42,TX,7.25,0.0,0.0,0.0,0.0,0.0,0.0,0.06,0.9,1.7,1.38,0.3,,16.67,,,,,354
42,TX,7.25,0.0,0.0,0.0,0.0,0.0,0.0,0.06,0.9,1.7,1.38,0.3,,16.67,,,,,355
42,TX,7.25,0.0,0.0,0.0,0.0,0.0,0.0,0.06,0.9,1.7,1.38,0.3,,16.67,,,,,356
42,TX,7.25,0.0,0.0,0.0,0.0,0.0,0.0,0.06,0.9,1.7,1.38,0.3,,16.67,,,,,357
42,TX,7.25,0.0,0.0,0.0,0.0,0.0,0.0,0.06,0.9,1.7,1.38,0.3,,16.67,,,,,358
42,TX,7.25,0.0,0.0,0.0,0.0,0.0,0.0,0.06,0.9,1.7,1.38,0.3,,16.67,,,,,359
42,TX,7.25,0.0,0.0,0.0,0.0,0.0,0.0,0.06,0.9,1.7,1.38,0.3,,16.67,,,,,360
42,TX,7.25,0.0,0.0,0.0,0.0,0.0,0.0,0.06,0.9,1.7,1.38,0.3,,16.67,,,,,361
42,TX,7.25,0.0,0.0,0.0,0.0,0.0,0.0,0.06,0.9,1.7,1.38,0.3,,16.67,,,,,362
42,TX,7.25,0.0,0.0,0.0,0.0,0.0,0.0,0.06,0.9,1.7,1.38,0.3,,16.67,,,,,363
42,TX,7.25,0.0,0.0,0.0,0.0,0.0,0.0,0.06,0.9,1.7,1.38,0.3,,16.67,,,,,364
42,TX,7.25,0.0,0.0,0.0,0.0,0.0,0.0,0.06,0.9,1.7,1.38,0.3,,16.67,,,,,365
42,TX,7.25,0.0,0.0,0.0,0.0,0.0,0.0,0.06,0.9,1.7,1.38,0.3,,16.67,,,,,366
42,TX,7.25,0.0,0.0,0.0,0.0,0.0,0.0,0.06,0.9,1.7,1.38,0.3,,16.67,,,,,367
42,TX,7.25,0.0,0.0,0.0,0.0,0.0,0.0,0.06,0.9,1.7,1.38,0.3,,16.67,,,,,368
42,TX,7.25,0.0,0.0,0.0,0.0,0.0,0.0,0.06,0.9,1.7,1.38,0.3,,16.67,,,,,369
42,TX,7.25,0.0,0.0,0.0,0.0,0.0,0.0,0.06,0.9,1.7,1.38,0.3,,16.67,,,,,370
42,TX,7.25,0.0,0.0,0.0,0.0,0.0,0.0,0.06,0.9,1.7,1.38,0.3,,16.67,,,,,371
42,TX,7.25,0.0,0.0,0.0,0.0,0.0,0.0,0.06,0.9,1.7,1.38,0.3,,16.67,,,,,372
42,TX,7.25,0.0,0.0,0.0,0.0,0.0,0.0,0.06,0.9,1.7,1.38,0.3,,16.67,,,,,373
42,TX,7.25,0.0,0.0,0.0,0.0,0.0,0.0,0.06,0.9,1.7,1.38,0.3,,16.67,,,,,374
42,TX,7.25,0.0,0.0,0.0,0.0,0.0,0.0,0.06,0.9,1.7,1.38,0.3,,16.67,,,,,375
42,TX,7.25,0.0,0.0,0.0,0.0,0.0,0.0,0.06,0.9,1.7,1.38,0.3,,16.67,,,,,376
42,TX,7.25,0.0,0.0,0.0,0.0,0.0,0.0,0.06,0.9,1.7,1.38,0.3,,16.67,,,,,377
42,TX,7.25,0.0,0.0,0.0,0.0,0.0,0.0,0.06,0.9,1.7,1.38,0.3,,16.67,,,,,378
42,TX,7.25,0.0,0.0,0.0,0.0,0.0,0.0,0.06,0.9,1.7,1.38,0.3,,16.67,,,,,379
42,TX,7.25,0.0,0.0,0.0,0.0,0.0,0.0,0.06,0.9,1.7,1.38,0.3,,16.67,,,,,380
42,TX,7.25,0.0,0.0,0.0,0.0,0.0,0.0,0.06,0.9,1.7,1.38,0.3,,16.67,,,,,381
42,TX,7.25,0.0,0.0,0.0,0.0,0.0,0.0,0.06,0.9,1.7,1.38,0.3,,16.67,,,,,382
42,TX,7.25,0.0,0.0,0.0,0.0,0.0,0.0,0.06,0.9,1.7,1.38,0.3,,16.67,,,,,383
42,TX,7.25,0.0,0.0,0.0,0.0,0.0,0.0,0.06,0.9,1.7,1.38,0.3,,16.67,,,,,384
42,TX,7.25,0.0,0.0,0.0,0.0,0.0,0.0,0.06,0.9,1.7,1.38,0.3,,16.67,,,,,385
42,TX,7.25,0.0,0.0,0.0,0.0,0.0,0.0,0.06,0.9,1.7,1.38,0.3,,16.67,,,,,386
42,TX,7.25,0.0,0.0,0.0,0.0,0.0,0.0,0.06,0.9,1.7,1.38,0.3,,16.67,,,,,387
42,TX,7.25,0.0,0.0,0.0,0.0,0.0,0.0,0.06,0.9,1.7,1.38,0.3,,16.67,,,,,388
42,TX,7.25,0.0,0.0,0.0,0.0,0.0,0.0,0.06,0.9,1.7,1.38,0.3,,16.67,,,,,389
42,TX,7.25,0.0,0.0,0.0,0.0,0.0,0.0,0.06,0.9,1.7,1.38,0.3,,16.67,,,,,390
42,TX,7.25,0.0,0.0,0.0,0.0,0.0,0.0,0.06,0.9,1.7,1.38,0.3,,16.67,,,,,391
42,TX,7.25,0.0,0.0,0.0,0.0,0.0,0.0,0.06,0.9,1.7,1.38,0.3,,16.67,,,,,392
42,TX,7.25,0.0,0.0,0.0,0.0,0.0,0.0,0.06,0.9,1.7,1.38,0.3,,16.67,,,,,393
42,TX,7.25,0.0,0.0,0.0,0.0,0.0,0.0,0.06,0.9,1.7,1.38,0.3,,16.67,,,,,394
42,TX,7.25,0.0,0.0,0.0,0.0,0.0,0.0,0.06,0.9,1.7,1.38,0.3,,16.67,,,,,395
42,TX,7.25,0.0,0.0,0.0,0.0,0.0,0.0,0.06,0.9,1.7,1.38,0.3,,16.67,,,,,396
42,TX,7.25,0.0,0.0,0.0,0.0,0.0,0.0,0.06,0.9,1.7,1.38,0.3,,16.67,,,,,397
42,TX,7.25,0.0,0.0,0.0,0.0,0.0,0.0,0.06,0.9,1.7,1.38,0.3,,16.67,,,,,398
42,TX,7.25,0.0,0.0,0.0,0.0,0.0,0.0,0.06,0.9,1.7,1.38,0.3,,16.67,,,,,399
42,TX,7.25,0.0,0.0,0.0,0.0,0.0,0.0,0.06,0.9,1.7,1.38,0.3,,16.67,,,,,400
42,TX,7.25,0.0,0.0,0.0,0.0,0.0,0.0,0.06,0.9,1.7,1.38,0.3,,16.67,,,,,401
42,TX,7.25,0.0,0.0,0.0,0.0,0.0,0.0,0.06,0.9,1.7,1.38,0.3,,16.67,,,,,402
42,TX,7.25,0.0,0.0,0.0,0.0,0.0,0.0,0.06,0.9,1.7,1.38,0.3,,16.67,,,,,403
42,TX,7.25,0.0,0.0,0.0,0.0,0.0,0.0,0.06,0.9,1.7,1.38,0.3,,16.67,,,,,404
42,TX,7.25,0.0,0.0,0.0,0.0,0.0,0.0,0.06,0.9,1.7,1.38,0.3,,16.67,,,,,405
42,TX,7.25,0.0,0.0,0.0,0.0,0.0,0.0,0.06,0.9,1.7,1.38,0.3,,16.67,,,,,406
42,TX,7.25,0.0,0.0,0.0,0.0,0.0,0.0,0.06,0.9,1.7,1.38,0.3,,16.67,,,,,407
42,TX,7.25,0.0,0.0,0.0,0.0,0.0,0.0,0.06,0.9,1.7,1.38,0.3,,16.67,,,,,408
42,TX,7.25,0.0,0.0,0.0,0.0,0.0,0.0,0.06,0.9,1.7,1.38,0.3,,16.67,,,,,409
42,TX,7.25,0.0,0.0,0.0,0.0,0.0,0.0,0.06,0.9,1.7,1.38,0.3,,16.67,,,,,410
42,TX,7.25,0.0,0.0,0.0,0.0,0.0,0.0,0.06,0.9,1.7,1.38,0.3,,16.67,,,,,411
42,TX,7.25,0.0,0.0,0.0,0.0,0.0,0.0,0.06,0.9,1.7,1.38,0.3,,16.67,,,,,412
42,TX,7.25,0.0,0.0,0.0,0.0,0.0,0.0,0.06,0.9,1.7,1.38,0.3,,16.67,,,,,413
42,TX,7.25,0.0,0.0,0.0,0.0,0.0,0.0,0.06,0.9,1.7,1.38,0.3,,16.67,,,,,414
42,TX,7.25,0.0,0.0,0.0,0.0,0.0,0.0,0.06,0.9,1.7,1.38,0.3,,16.67,,,,,415
42,TX,7.25,0.0,0.0,0.0,0.0,0.0,0.0,0.06,0.9,1.7,1.38,0.3,,16.67,,,,,416
42,TX,7.25,0.0,0.0,0.0,0.0,0.0,0.0,0.06,0.9,1.7,1.38,0.3,,16.67,,,,,417
42,TX,7.25,0.0,0.0,0.0,0.0,0.0,0.0,0.06,0.9,1.7,1.38,0.3,,16.67,,,,,418
42,TX,7.25,0.0,0.0,0.0,0.0,0.0,0.0,0.06,0.9,1.7,1.38,0.3,,16.67,,,,,419
42,TX,7.25,0.0,0.0,0.0,0.0,0.0,0.0,0.06,0.9,1.7,1.38,0.3,,16.67,,,,,420
42,TX,7.25,0.0,0.0,0.0,0.0,0.0,0.0,0.06,0.9,1.7,1.38,0.3,,16.67,,,,,421
42,TX,7.25,0.0,0.0,0.0,0.0,0.0,0.0,0.06,0.9,1.7,1.38,0.3,,16.67,,,,,422
42,TX,7.25,0.0,0.0,0.0,0.0,0.0,0.0,0.06,0.9,1.7,1.38,0.3,,16.67,,,,,423
42,TX,7.25,0.0,0.0,0.0,0.0,0.0,0.0,0.06,0.9,1.7,1.38,0.3,,16.67,,,,,424
42,TX,7.25,0.0,0.0,0.0,0.0,0.0,0.0,0.06,0.9,1.7,1.38,0.3,,16.67,,,,,425
42,TX,7.25,0.0,0.0,0.0,0.0,0.0,0.0,0.06,0.9,1.7,1.38,0.3,,16.67,,,,,426
42,TX,7.25,0.0,0.0,0.0,0.0,0.0,0.0,0.06,0.9,1.7,1.38,0.3,,16.67,,,,,427
42,TX,7.25,0.0,0.0,0.0,0.0,0.0,0.0,0.06,0.9,1.7,1.38,0.3,,16.67,,,,,428
42,TX,7.25,0.0,0.0,0.0,0.0,0.0,0.0,0.06,0.9,1.7,1.38,0.3,,16.67,,,,,429
42,TX,7.25,0.0,0.0,0.0,0.0,0.0,0.0,0.06,0.9,1.7,1.38,0.3,,16.67,,,,,430
42,TX,7.25,0.0,0.0,0.0,0.0,0.0,0.0,0.06,0.9,1.7,1.38,0.3,,16.67,,,,,431
42,TX,7.25,0.0,0.0,0.0,0.0,0.0,0.0,0.06,0.9,1.7,1.38,0.3,,16.67,,,,,432
42,TX,7.25,0.0,0.0,0.0,0.0,0.0,0.0,0.06,0.9,1.7,1.38,0.3,,16.67,,,,,433
42,TX,7.25,0.0,0.0,0.0,0.0,0.0,0.0,0.06,0.9,1.7,1.38,0.3,,16.67,,,,,434
42,TX,7.25,0.0,0.0,0.0,0.0,0.0,0.0,0.06,0.9,1.7,1.38,0.3,,16.67,,,,,435
42,TX,7.25,0.0,0.0,0.0,0.0,0.0,0.0,0.06,0.9,1.7,1.38,0.3,,16.67,,,,,436
42,TX,7.25,0.0,0.0,0.0,0.0,0.0,0.0,0.06,0.9,1.7,1.38,0.3,,16.67,,,,,437
42,TX,7.25,0.0,0.0,0.0,0.0,0.0,0.0,0.06,0.9,1.7,1.38,0.3,,16.67,,,,,438
42,TX,7.25,0.0,0.0,0.0,0.0,0.0,0.0,0.06,0.9,1.7,1.38,0.3,,16.67,,,,,439
42,TX,7.25,0.0,0.0,0.0,0.0,0.0,0.0,0.06,0.9,1.7,1.38,0.3,,16.67,,,,,440
42,TX,7.25,0.0,0.0,0.0,0.0,0.0,0.0,0.06,0.9,1.7,1.38,0.3,,16.67,,,,,441
42,TX,7.25,0.0,0.0,0.0,0.0,0.0,0.0,0.06,0.9,1.7,1.38,0.3,,16.67,,,,,442
42,TX,7.25,0.0,0.0,0.0,0.0,0.0,0.0,0.06,0.9,1.7,1.38,0.3,,16.67,,,,,443
42,TX,7.25,0.0,0.0,0.0,0.0,0.0,0.0,0.06,0.9,1.7,1.38,0.3,,16.67,,,,,444
42,TX,7.25,0.0,0.0,0.0,0.0,0.0,0.0,0.06,0.9,1.7,1.38,0.3,,16.67,,,,,445
42,TX,7.25,0.0,0.0,0.0,0.0,0.0,0.0,0.06,0.9,1.7,1.38,0.3,,16.67,,,,,446
42,TX,7.25,0.0,0.0,0.0,0.0,0.0,0.0,0.06,0.9,1.7,1.38,0.3,,16.67,,,,,447
42,TX,7.25,0.0,0.0,0.0,0.0,0.0,0.0,0.06,0.9,1.7,1.38,0.3,,16.67,,,,,448
42,TX,7.25,0.0,0.0,0.0,0.0,0.0,0.0,0.06,0.9,1.7,1.38,0.3,,16.67,,,,,449
42,TX,7.25,0.0,0.0,0.0,0.0,0.0,0.0,0.06,0.9,1.7,1.38,0.3,,16.67,,,,,450
42,TX,7.25,0.0,0.0,0.0,0.0,0.0,0.0,0.06,0.9,1.7,1.38,0.3,,16.67,,,,,451
42,TX,7.25,0.0,0.0,0.0,0.0,0.0,0.0,0.06,0.9,1.7,1.38,0.3,,16.67,,,,,452
42,TX,7.25,0.0,0.0,0.0,0.0,0.0,0.0,0.06,0.9,1.7,1.38,0.3,,16.67,,,,,453
42,TX,7.25,0.0,0.0,0.0,0.0,0.0,0.0,0.06,0.9,1.7,1.38,0.3,,16.67,,,,,454
42,TX,7.25,0.0,0.0,0.0,0.0,0.0,0.0,0.06,0.9,1.7,1.38,0.3,,16.67,,,,,455
42,TX,7.25,0.0,0.0,0.0,0.0,0.0,0.0,0.06,0.9,1.7,1.38,0.3,,16.67,,,,,456
42,TX,7.25,0.0,0.0,0.0,0.0,0.0,0.0,0.06,0.9,1.7,1.38,0.3,,16.67,,,,,457
42,TX,7.25,0.0,0.0,0.0,0.0,0.0,0.0,0.06,0.9,1.7,1.38,0.3,,16.67,,,,,458
42,TX,7.25,0.0,0.0,0.0,0.0,0.0,0.0,0.06,0.9,1.7,1.38,0.3,,16.67,,,,,459
42,TX,7.25,0.0,0.0,0.0,0.0,0.0,0.0,0.06,0.9,1.7,1.38,0.3,,16.67,,,,,460
42,TX,7.25,0.0,0.0,0.0,0.0,0.0,0.0,0.06,0.9,1.7,1.38,0.3,,16.67,,,,,461
42,TX,7.25,0.0,0.0,0.0,0.0,0.0,0.0,0.06,0.9,1.7,1.38,0.3,,16.67,,,,,462
42,TX,7.25,0.0,0.0,0.0,0.0,0.0,0.0,0.06,0.9,1.7,1.38,0.3,,16.67,,,,,463
42,TX,7.25,0.0,0.0,0.0,0.0,0.0,0.0,0.06,0.9,1.7,1.38,0.3,,16.67,,,,,464
42,TX,7.25,0.0,0.0,0.0,0.0,0.0,0.0,0.06,0.9,1.7,1.38,0.3,,16.67,,,,,465
42,TX,7.25,0.0,0.0,0.0,0.0,0.0,0.0,0.06,0.9,1.7,1.38,0.3,,16.67,,,,,466
42,TX,7.25,0.0,0.0,0.0,0.0,0.0,0.0,0.06,0.9,1.7,1.38,0.3,,16.67,,,,,467
42,TX,7.25,0.0,0.0,0.0,0.0,0.0,0.0,0.06,0.9,1.7,1.38,0.3,,16.67,,,,,468
42,TX,7.25,0.0,0.0,0.0,0.0,0.0,0.0,0.06,0.9,1.7,1.38,0.3,,16.67,,,,,469
42,TX,7.25,0.0,0.0,0.0,0.0,0.0,0.0,0.06,0.9,1.7,1.38,0.3,,16.67,,,,,470
42,TX,7.25,0.0,0.0,0.0,0.0,0.0,0.0,0.06,0.9,1.7,1.38,0.3,,16.67,,,,,471
42,TX,7.25,0.0,0.0,0.0,0.0,0.0,0.0,0.06,0.9,1.7,1.38,0.3,,16.67,,,,,472
42,TX,7.25,0.0,0.0,0.0,0.0,0.0,0.0,0.06,0.9,1.7,1.38,0.3,,16.67,,,,,473
42,TX,7.25,0.0,0.0,0.0,0.0,0.0,0.0,0.06,0.9,1.7,1.38,0.3,,16.67,,,,,474
42,TX,7.25,0.0,0.0,0.0,0.0,0.0,0.0,0.06,0.9,1.7,1.38,0.3,,16.67,,,,,475
42,TX,7.25,0.0,0.0,0.0,0.0,0.0,0.0,0.06,0.9,1.7,1.38,0.3,,16.67,,,,,476
42,TX,7.25,0.0,0.0,0.0,0.0,0.0,0.0,0.06,0.9,1.7,1.38,0.3,,16.67,,,,,477
42,TX,7.25,0.0,0.0,0.0,0.0,0.0,0.0,0.06,0.9,1.7,1.38,0.3,,16.67,,,,,478
42,TX,7.25,0.0,0.0,0.0,0.0,0.0,0.0,0.06,0.9,1.7,1.38,0.3,,16.67,,,,,479
42,TX,7.25,0.0,0.0,0.0,0.0,0.0,0.0,0.06,0.9,1.7,1.38,0.3,,16.67,,,,,480
42,TX,7.25,0.0,0.0,0.0,0.0,0.0,0.0,0.06,0.9,1.7,1.38,0.3,,16.67,,,,,481
42,TX,7.25,0.0,0.0,0.0,0.0,0.0,0.0,0.06,0.9,1.7,1.38,0.3,,16.67,,,,,482
42,TX,7.25,0.0,0.0,0.0,0.0,0.0,0.0,0.06,0.9,1.7,1.38,0.3,,16.67,,,,,483
42,TX,7.25,0.0,0.0,0.0,0.0,0.0,0.0,0.06,0.9,1.7,1.38,0.3,,16.67,,,,,484
42,TX,7.25,0.0,0.0,0.0,0.0,0.0,0.0,0.06,0.9,1.7,1.38,0.3,,16.67,,,,,485
42,TX,7.25,0.0,0.0,0.0,0.0,0.0,0.0,0.06,0.9,1.7,1.38,0.3,,16.67,,,,,486
42,TX,7.25,0.0,0.0,0.0,0.0,0.0,0.0,0.06,0.9,1.7,1.38,0.3,,16.67,,,,,487
42,TX,7.25,0.0,0.0,0.0,0.0,0.0,0.0,0.06,0.9,1.7,1.38,0.3,,16.67,,,,,488
42,TX,7.25,0.0,0.0,0.0,0.0,0.0,0.0,0.06,0.9,1.7,1.38,0.3,,16.67,,,,,489
42,TX,7.25,0.0,0.0,0.0,0.0,0.0,0.0,0.06,0.9,1.7,1.38,0.3,,16.67,,,,,490
42,TX,7.25,0.0,0.0,0.0,0.0,0.0,0.0,0.06,0.9,1.7,1.38,0.3,,16.67,,,,,491
42,TX,7.25,0.0,0.0,0.0,0.0,0.0,0.0,0.06,0.9,1.7,1.38,0.3,,16.67,,,,,492
42,TX,7.25,0.0,0.0,0.0,0.0,0.0,0.0,0.06,0.9,1.7,1.38,0.3,,16.67,,,,,493
42,TX,7.25,0.0,0.0,0.0,0.0,0.0,0.0,0.06,0.9,1.7,1.38,0.3,,16.67,,,,,494
42,TX,7.25,0.0,0.0,0.0,0.0,0.0,0.0,0.06,0.9,1.7,1.38,0.3,,16.67,,,,,495
42,TX,7.25,0.0,0.0,0.0,0.0,0.0,0.0,0.06,0.9,1.7,1.38,0.3,,16.67,,,,,496
42,TX,7.25,0.0,0.0,0.0,0.0,0.0,0.0,0.06,0.9,1.7,1.38,0.3,,16.67,,,,,497
42,TX,7.25,0.0,0.0,0.0,0.0,0.0,0.0,0.06,0.9,1.7,1.38,0.3,,16.67,,,,,498
42,TX,7.25,0.0,0.0,0.0,0.0,0.0,0.0,0.06,0.9,1.7,1.38,0.3,,16.67,,,,,499
42,TX,7.25,0.0,0.0,0.0,0.0,0.0,0.0,0.06,0.9,1.7,1.38,0.3,,16.67,,,,,500
42,TX,7.25,0.0,0.0,0.0,0.0,0.0,0.0,0.06,0.9,1.7,1.38,0.3,,16.67,,,,,501
42,TX,7.25,0.0,0.0,0.0,0.0,0.0,0.0,0.06,0.9,1.7,1.38,0.3,,16.67,,,,,502
42,TX,7.25,0.0,0.0,0.0,0.0,0.0,0.0,0.06,0.9,1.7,1.38,0.3,,16.67,,,,,503
42,TX,7.25,0.0,0.0,0.0,0.0,0.0,0.0,0.06,0.9,1.7,1.38,0.3,,16.67,,,,,504
42,TX,7.25,0.0,0.0,0.0,0.0,0.0,0.0,0.06,0.9,1.7,1.38,0.3,,16.67,,,,,505
42,TX,7.25,0.0,0.0,0.0,0.0,0.0,0.0,0.06,0.9,1.7,1.38,0.3,,16.67,,,,,506
42,TX,7.25,0.0,0.0,0.0,0.0,0.0,0.0,0.06,0.9,1.7,1.38,0.3,,16.67,,,,,507
42,TX,7.25,0.0,0.0,0.0,0.0,0.0,0.0,0.06,0.9,1.7,1.38,0.3,,16.67,,,,,508
42,TX,7.25,0.0,0.0,0.0,0.0,0.0,0.0,0.06,0.9,1.7,1.38,0.3,,16.67,,,,,509
42,TX,7.25,0.0,0.0,0.0,0.0,0.0,0.0,0.06,0.9,1.7,1.38,0.3,,16.67,,,,,510
42,TX,7.25,0.0,0.0,0.0,0.0,0.0,0.0,0.06,0.9,1.7,1.38,0.3,,16.67,,,,,511
42,TX,7.25,0.0,0.0,0.0,0.0,0.0,0.0,0.06,0.9,1.7,1.38,0.3,,16.67,,,,,512
42,TX,7.25,0.0,0.0,0.0,0.0,0.0,0.0,0.06,0.9,1.7,1.38,0.3,,16.67,,,,,513
42,TX,7.25,0.0,0.0,0.0,0.0,0.0,0.0,0.06,0.9,1.7,1.38,0.3,,16.67,,,,,514
42,TX,7.25,0.0,0.0,0.0,0.0,0.0,0.0,0.06,0.9,1.7,1.38,0.3,,16.67,,,,,515
42,TX,7.25,0.0,0.0,0.0,0.0,0.0,0.0,0.06,0.9,1.7,1.38,0.3,,16.67,,,,,516
42,TX,7.25,0.0,0.0,0.0,0.0,0.0,0.0,0.06,0.9,1.7,1.38,0.3,,16.67,,,,,517
42,TX,7.25,0.0,0.0,0.0,0.0,0.0,0.0,0.06,0.9,1.7,1.38,0.3,,16.67,,,,,518
42,TX,7.25,0.0,0.0,0.0,0.0,0.0,0.0,0.06,0.9,1.7,1.38,0.3,,16.67,,,,,519
42,TX,7.25,0.0,0.0,0.0,0.0,0.0,0.0,0.06,0.9,1.7,1.38,0.3,,16.67,,,,,520
42,TX,7.25,0.0,0.0,0.0,0.0,0.0,0.0,0.06,0.9,1.7,1.38,0.3,,16.67,,,,,521
42,TX,7.25,0.0,0.0,0.0,0.0,0.0,0.0,0.06,0.9,1.7,1.38,0.3,,16.67,,,,,522
42,TX,7.25,0.0,0.0,0.0,0.0,0.0,0.0,0.06,0.9,1.7,1.38,0.3,,16.67,,,,,523
42,TX,7.25,0.0,0.0,0.0,0.0,0.0,0.0,0.06,0.9,1.7,1.38,0.3,,16.67,,,,,524
42,TX,7.25,0.0,0.0,0.0,0.0,0.0,0.0,0.06,0.9,1.7,1.38,0.3,,16.67,,,,,525
42,TX,7.25,0.0,0.0,0.0,0.0,0.0,0.0,0.06,0.9,1.7,1.38,0.3,,16.67,,,,,526
42,TX,7.25,0.0,0.0,0.0,0.0,0.0,0.0,0.06,0.9,1.7,1.38,0.3,,16.67,,,,,527
42,TX,7.25,0.0,0.0,0.0,0.0,0.0,0.0,0.06,0.9,1.7,1.38,0.3,,16.67,,,,,528
42,TX,7.25,0.0,0.0,0.0,0.0,0.0,0.0,0.06,0.9,1.7,1.38,0.3,,16.67,,,,,529
42,TX,7.25,0.0,0.0,0.0,0.0,0.0,0.0,0.06,0.9,1.7,1.38,0.3,,16.67,,,,,530
42,TX,7.25,0.0,0.0,0.0,0.0,0.0,0.0,0.06,0.9,1.7,1.38,0.3,,16.67,,,,,531
42,TX,7.25,0.0,0.0,0.0,0.0,0.0,0.0,0.06,0.9,1.7,1.38,0.3,,16.67,,,,,532
42,TX,7.25,0.0,0.0,0.0,0.0,0.0,0.0,0.06,0.9,1.7,1.38,0.3,,16.67,,,,,533
42,TX,7.25,0.0,0.0,0.0,0.0,0.0,0.0,0.06,0.9,1.7,1.38,0.3,,16.67,,,,,534
42,TX,7.25,0.0,0.0,0.0,0.0,0.0,0.0,0.06,0.9,1.7,1.38,0.3,,16.67,,,,,535
42,TX,7.25,0.0,0.0,0.0,0.0,0.0,0.0,0.06,0.9,1.7,1.38,0.3,,16.67,,,,,536
42,TX,7.25,0.0,0.0,0.0,0.0,0.0,0.0,0.06,0.9,1.7,1.38,0.3,,16.67,,,,,537
42,TX,7.25,0.0,0.0,0.0,0.0,0.0,0.0,0.06,0.9,1.7,1.38,0.3,,16.67,,,,,538
42,TX,7.25,0.0,0.0,0.0,0.0,0.0,0.0,0.06,0.9,1.7,1.38,0.3,,16.67,,,,,539
42,TX,7.25,0.0,0.0,0.0,0.0,0.0,0.0,0.06,0.9,1.7,1.38,0.3,,16.67,,,,,540
42,TX,7.25,0.0,0.0,0.0,0.0,0.0,0.0,0.06,0.9,1.7,1.38,0.3,,16.67,,,,,541
42,TX,7.25,0.0,0.0,0.0,0.0,0.0,0.0,0.06,0.9,1.7,1.38,0.3,,16.67,,,,,542
42,TX,7.25,0.0,0.0,0.0,0.0,0.0,0.0,0.06,0.9,1.7,1.38,0.3,,16.67,,,,,543
42,TX,7.25,0.0,0.0,0.0,0.0,0.0,0.0,0.06,0.9,1.7,1.38,0.3,,16.67,,,,,544
42,TX,7.25,0.0,0.0,0.0,0.0,0.0,0.0,0.06,0.9,1.7,1.38,0.3,,16.67,,,,,545
42,TX,7.25,0.0,0.0,0.0,0.0,0.0,0.0,0.06,0.9,1.7,1.38,0.3,,16.67,,,,,546
42,TX,7.25,0.0,0.0,0.0,0.0,0.0,0.0,0.06,0.9,1.7,1.38,0.3,,16.67,,,,,547
42,TX,7.25,0.0,0.0,0.0,0.0,0.0,0.0,0.06,0.9,1.7,1.38,0.3,,16.67,,,,,548
42,TX,7.25,0.0,0.0,0.0,0.0,0.0,0.0,0.06,0.9,1.7,1.38,0.3,,16.67,,,,,549
42,TX,7.25,0.0,0.0,0.0,0.0,0.0,0.0,0.06,0.9,1.7,1.38,0.3,,16.67,,,,,550
42,TX,7.25,0.0,0.0,0.0,0.0,0.0,0.0,0.06,0.9,1.7,1.38,0.3,,16.67,,,,,551
42,TX,7.25,0.0,0.0,0.0,0.0,0.0,0.0,0.06,0.9,1.7,1.38,0.3,,16.67,,,,,552
42,TX,7.25,0.0,0.0,0.0,0.0,0.0,0.0,0.06,0.9,1.7,1.38,0.3,,16.67,,,,,553
42,TX,7.25,0.0,0.0,0.0,0.0,0.0,0.0,0.06,0.9,1.7,1.38,0.3,,16.67,,,,,554
42,TX,7.25,0.0,0.0,0.0,0.0,0.0,0.0,0.06,0.9,1.7,1.38,0.3,,16.67,,,,,555
42,TX,7.25,0.0,0.0,0.0,0.0,0.0,0.0,0.06,0.9,1.7,1.38,0.3,,16.67,,,,,556
42,TX,7.25,0.0,0.0,0.0,0.0,0.0,0.0,0.06,0.9,1.7,1.38,0.3,,16.67,,,,,557
42,TX,7.25,0.0,0.0,0.0,0.0,0.0,0.0,0.06,0.9,1.7,1.38,0.3,,16.67,,,,,558
42,TX,7.25,0.0,0.0,0.0,0.0,0.0,0.0,0.06,0.9,1.7,1.38,0.3,,16.67,,,,,559
42,TX,7.25,0.0,0.0,0.0,0.0,0.0,0.0,0.06,0.9,1.7,1.38,0.3,,16.67,,,,,560
42,TX,7.25,0.0,0.0,0.0,0.0,0.0,0.0,0.06,0.9,1.7,1.38,0.3,,16.67,,,,,561
42,TX,7.25,0.0,0.0,0.0,0.0,0.0,0.0,0.06,0.9,1.7,1.38,0.3,,16.67,,,,,562
42,TX,7.25,0.0,0.0,0.0,0.0,0.0,0.0,0.06,0.9,1.7,1.38,0.3,,16.67,,,,,563
42,TX,7.25,0.0,0.0,0.0,0.0,0.0,0.0,0.06,0.9,1.7,1.38,0.3,,16.67,,,,,564
42,TX,7.25,0.0,0.0,0.0,0.0,0.0,0.0,0.06,0.9,1.7,1.38,0.3,,16.67,,,,,565
42,TX,7.25,0.0,0.0,0.0,0.0,0.0,0.0,0.06,0.9,1.7,1.38,0.3,,16.67,,,,,566
42,TX,7.25,0.0,0.0,0.0,0.0,0.0,0.0,0.06,0.9,1.7,1.38,0.3,,16.67,,,,,567
42,TX,7.25,0.0,0.0,0.0,0.0,0.0,0.0,0.06,0.9,1.7,1.38,0.3,,16.67,,,,,568
42,TX,7.25,0.0,0.0,0.0,0.0,0.0,0.0,0.06,0.9,1.7,1.38,0.3,,16.67,,,,,569
42,TX,7.25,0.0,0.0,0.0,0.0,0.0,0.0,0.06,0.9,1.7,1.38,0.3,,16.67,,,,,570
42,TX,7.25,0.0,0.0,0.0,0.0,0.0,0.0,0.06,0.9,1.7,1.38,0.3,,16.67,,,,,571
42,TX,7.25,0.0,0.0,0.0,0.0,0.0,0.0,0.06,0.9,1.7,1.38,0.3,,16.67,,,,,572
42,TX,7.25,0.0,0.0,0.0,0.0,0.0,0.0,0.06,0.9,1.7,1.38,0.3,,16.67,,,,,573
42,TX,7.25,0.0,0.0,0.0,0.0,0.0,0.0,0.06,0.9,1.7,1.38,0.3,,16.67,,,,,574
42,TX,7.25,0.0,0.0,0.0,0.0,0.0,0.0,0.06,0.9,1.7,1.38,0.3,,16.67,,,,,575
42,TX,7.25,0.0,0.0,0.0,0.0,0.0,0.0,0.06,0.9,1.7,1.38,0.3,,16.67,,,,,576
42,TX,7.25,0.0,0.0,0.0,0.0,0.0,0.0,0.06,0.9,1.7,1.38,0.3,,16.67,,,,,577
42,TX,7.25,0.0,0.0,0.0,0.0,0.0,0.0,0.06,0.9,1.7,1.38,0.3,,16.67,,,,,578
42,TX,7.25,0.0,0.0,0.0,0.0,0.0,0.0,0.06,0.9,1.7,1.38,0.3,,16.67,,,,,579
42,TX,7.25,0.0,0.0,0.0,0.0,0.0,0.0,0.06,0.9,1.7,1.38,0.3,,16.67,,,,,580
42,TX,7.25,0.0,0.0,0.0,0.0,0.0,0.0,0.06,0.9,1.7,1.38,0.3,,16.67,,,,,581
42,TX,7.25,0.0,0.0,0.0,0.0,0.0,0.0,0.06,0.9,1.7,1.38,0.3,,16.67,,,,,582
42,TX,7.25,0.0,0.0,0.0,0.0,0.0,0.0,0.06,0.9,1.7,1.38,0.3,,16.67,,,,,583
42,TX,7.25,0.0,0.0,0.0,0.0,0.0,0.0,0.06,0.9,1.7,1.38,0.3,,16.67,,,,,584
42,TX,7.25,0.0,0.0,0.0,0.0,0.0,0.0,0.06,0.9,1.7,1.38,0.3,,16.67,,,,,585
42,TX,7.25,0.0,0.0,0.0,0.0,0.0,0.0,0.06,0.9,1.7,1.38,0.3,,16.67,,,,,586
42,TX,7.25,0.0,0.0,0.0,0.0,0.0,0.0,0.06,0.9,1.7,1.38,0.3,,16.67,,,,,587
42,TX,7.25,0.0,0.0,0.0,0.0,0.0,0.0,0.06,0.9,1.7,1.38,0.3,,16.67,,,,,588
42,TX,7.25,0.0,0.0,0.0,0.0,0.0,0.0,0.06,0.9,1.7,1.38,0.3,,16.67,,,,,589
42,TX,7.25,0.0,0.0,0.0,0.0,0.0,0.0,0.06,0.9,1.7,1.38,0.3,,16.67,,,,,590
42,TX,7.25,0.0,0.0,0.0,0.0,0.0,0.0,0.06,0.9,1.7,1.38,0.3,,16.67,,,,,591
42,TX,7.25,0.0,0.0,0.0,0.0,0.0,0.0,0.06,0.9,1.7,1.38,0.3,,16.67,,,,,592
42,TX,7.25,0.0,0.0,0.0,0.0,0.0,0.0,0.06,0.9,1.7,1.38,0.3,,16.67,,,,,593
42,TX,7.25,0.0,0.0,0.0,0.0,0.0,0.0,0.06,0.9,1.7,1.38,0.3,,16.67,,,,,594
42,TX,7.25,0.0,0.0,0.0,0.0,0.0,0.0,0.06,0.9,1.7,1.38,0.3,,16.67,,,,,595
42,TX,7.25,0.0,0.0,0.0,0.0,0.0,0.0,0.06,0.9,1.7,1.38,0.3,,16.67,,,,,596
42,TX,7.25,0.0,0.0,0.0,0.0,0.0,0.0,0.06,0.9,1.7,1.38,0.3,,16.67,,,,,597
42,TX,7.25,0.0,0.0,0.0,0.0,0.0,0.0,0.06,0.9,1.7,1.38,0.3,,16.67,,,,,598
42,TX,7.25,0.0,0.0,0.0,0.0,0.0,0.0,0.06,0.9,1.7,1.38,0.3,,16.67,,,,,599
42,TX,7.25,0.0,0.0,0.0,0.0,0.0,0.0,0.06,0.9,1.7,1.38,0.3,,16.67,,,,,600
42,TX,7.25,0.0,0.0,0.0,0.0,0.0,0.0,0.06,0.9,1.7,1.38,0.3,,16.67,,,,,601
42,TX,7.25,0.0,0.0,0.0,0.0,0.0,0.0,0.06,0.9,1.7,1.38,0.3,,16.67,,,,,602
42,TX,7.25,0.0,0.0,0.0,0.0,0.0,0.0,0.06,0.9,1.7,1.38,0.3,,16.67,,,,,603
42,TX,7.25,0.0,0.0,0.0,0.0,0.0,0.0,0.06,0.9,1.7,1.38,0.3,,16.67,,,,,604
42,TX,7.25,0.0,0.0,0.0,0.0,0.0,0.0,0.06,0.9,1.7,1.38,0.3,,16.67,,,,,605
42,TX,7.25,0.0,0.0,0.0,0.0,0.0,0.0,0.06,0.9,1.7,1.38,0.3,,16.67,,,,,606
42,TX,7.25,0.0,0.0,0.0,0.0,0.0,0.0,0.06,0.9,1.7,1.38,0.3,,16.67,,,,,607
42,TX,7.25,0.0,0.0,0.0,0.0,0.0,0.0,0.06,0.9,1.7,1.38,0.3,,16.67,,,,,608
42,TX,7.25,0.0,0.0,0.0,0.0,0.0,0.0,0.06,0.9,1.7,1.38,0.3,,16.67,,,,,609
42,TX,7.25,0.0,0.0,0.0,0.0,0.0,0.0,0.06,0.9,1.7,1.38,0.3,,16.67,,,,,610
42,TX,7.25,0.0,0.0,0.0,0.0,0.0,0.0,0.06,0.9,1.7,1.38,0.3,,16.67,,,,,611
42,TX,7.25,0.0,0.0,0.0,0.0,0.0,0.0,0.06,0.9,1.7,1.38,0.3,,16.67,,,,,612
42,TX,7.25,0.0,0.0,0.0,0.0,0.0,0.0,0.06,0.9,1.7,1.38,0.3,,16.67,,,,,613
42,TX,7.25,0.0,0.0,0.0,0.0,0.0,0.0,0.06,0.9,1.7,1.38,0.3,,16.67,,,,,614
42,TX,7.25,0.0,0.0,0.0,0.0,0.0,0.0,0.06,0.9,1.7,1.38,0.3,,16.67,,,,,615
42,TX,7.25,0.0,0.0,0.0,0.0,0.0,0.0,0.06,0.9,1.7,1.38,0.3,,16.67,,,,,616
42,TX,7.25,0.0,0.0,0.0,0.0,0.0,0.0,0.06,0.9,1.7,1.38,0.3,,16.67,,,,,617
42,TX,7.25,0.0,0.0,0.0,0.0,0.0,0.0,0.06,0.9,1.7,1.38,0.3,,16.67,,,,,618
42,TX,7.25,0.0,0.0,0.0,0.0,0.0,0.0,0.06,0.9,1.7,1.38,0.3,,16.67,,,,,619
42,TX,7.25,0.0,0.0,0.0,0.0,0.0,0.0,0.06,0.9,1.7,1.38,0.3,,16.67,,,,,620
42,TX,7.25,0.0,0.0,0.0,0.0,0.0,0.0,0.06,0.9,1.7,1.38,0.3,,16.67,,,,,621
42,TX,7.25,0.0,0.0,0.0,0.0,0.0,0.0,0.06,0.9,1.7,1.38,0.3,,16.67,,,,,622
42,TX,7.25,0.0,0.0,0.0,0.0,0.0,0.0,0.06,0.9,1.7,1.38,0.3,,16.67,,,,,623
42,TX,7.25,0.0,0.0,0.0,0.0,0.0,0.0,0.06,0.9,1.7,1.38,0.3,,16.67,,,,,624
42,TX,7.25,0.0,0.0,0.0,0.0,0.0,0.0,0.06,0.9,1.7,1.38,0.3,,16.67,,,,,625
42,TX,7.25,0.0,0.0,0.0,0.0,0.0,0.0,0.06,0.9,1.7,1.38,0.3,,16.67,,,,,626
42,TX,7.25,0.0,0.0,0.0,0.0,0.0,0.0,0.06,0.9,1.7,1.38,0.3,,16.67,,,,,627
42,TX,7.25,0.0,0.0,0.0,0.0,0.0,0.0,0.06,0.9,1.7,1.38,0.3,,16.67,,,,,628
42,TX,7.25,0.0,0.0,0.0,0.0,0.0,0.0,0.06,0.9,1.7,1.38,0.3,,16.67,,,,,629
42,TX,7.25,0.0,0.0,0.0,0.0,0.0,0.0,0.06,0.9,1.7,1.38,0.3,,16.67,,,,,630
42,TX,7.25,0.0,0.0,0.0,0.0,0.0,0.0,0.06,0.9,1.7,1.38,0.3,,16.67,,,,,631
42,TX,7.25,0.0,0.0,0.0,0.0,0.0,0.0,0.06,0.9,1.7,1.38,0.3,,16.67,,,,,632
42,TX,7.25,0.0,0.0,0.0,0.0,0.0,0.0,0.06,0.9,1.7,1.38,0.3,,16.67,,,,,633
42,TX,7.25,0.0,0.0,0.0,0.0,0.0,0.0,0.06,0.9,1.7,1.38,0.3,,16.67,,,,,634
42,TX,7.25,0.0,0.0,0.0,0.0,0.0,0.0,0.06,0.9,1.7,1.38,0.3,,16.67,,,,,635
42,TX,7.25,0.0,0.0,0.0,0.0,0.0,0.0,0.06,0.9,1.7,1.38,0.3,,16.67,,,,,636
42,TX,7.25,0.0,0.0,0.0,0.0,0.0,0.0,0.06,0.9,1.7,1.38,0.3,,16.67,,,,,637
42,TX,7.25,0.0,0.0,0.0,0.0,0.0,0.0,0.06,0.9,1.7,1.38,0.3,,16.67,,,,,638
42,TX,7.25,0.0,0.0,0.0,0.0,0.0,0.0,0.06,0.9,1.7,1.38,0.3,,16.67,,,,,639
42,TX,7.25,0.0,0.0,0.0,0.0,0.0,0.0,0.06,0.9,1.7,1.38,0.3,,16.67,,,,,640
42,TX,7.25,0.0,0.0,0.0,0.0,0.0,0.0,0.06,0.9,1.7,1.38,0.3,,16.67,,,,,641
42,TX,7.25,0.0,0.0,0.0,0.0,0.0,0.0,0.06,0.9,1.7,1.38,0.3,,16.67,,,,,642
42,TX,7.25,0.0,0.0,0.0,0.0,0.0,0.0,0.06,0.9,1.7,1.38,0.3,,16.67,,,,,643
42,TX,7.25,0.0,0.0,0.0,0.0,0.0,0.0,0.06,0.9,1.7,1.38,0.3,,16.67,,,,,644
42,TX,7.25,0.0,0.0,0.0,0.0,0.0,0.0,0.06,0.9,1.7,1.38,0.3,,16.67,,,,,645
42,TX,7.25,0.0,0.0,0.0,0.0,0.0,0.0,0.06,0.9,1.7,1.38,0.3,,16.67,,,,,646
42,TX,7.25,0.0,0.0,0.0,0.0,0.0,0.0,0.06,0.9,1.7,1.38,0.3,,16.67,,,,,647
42,TX,7.25,0.0,0.0,0.0,0.0,0.0,0.0,0.06,0.9,1.7,1.38,0.3,,16.67,,,,,648
42,TX,7.25,0.0,0.0,0.0,0.0,0.0,0.0,0.06,0.9,1.7,1.38,0.3,,16.67,,,,,649
42,TX,7.25,0.0,0.0,0.0,0.0,0.0,0.0,0.06,0.9,1.7,1.38,0.3,,16.67,,,,,650
42,TX,7.25,0.0,0.0,0.0,0.0,0.0,0.0,0.06,0.9,1.7,1.38,0.3,,16.67,,,,,651
42,TX,7.25,0.0,0.0,0.0,0.0,0.0,0.0,0.06,0.9,1.7,1.38,0.3,,16.67,,,,,652
42,TX,7.25,0.0,0.0,0.0,0.0,0.0,0.0,0.06,0.9,1.7,1.38,0.3,,16.67,,,,,653
42,TX,7.25,0.0,0.0,0.0,0.0,0.0,0.0,0.06,0.9,1.7,1.38,0.3,,16.67,,,,,654
42,TX,7.25,0.0,0.0,0.0,0.0,0.0,0.0,0.06,0.9,1.7,1.38,0.3,,16.67,,,,,655
42,TX,7.25,0.0,0.0,0.0,0.0,0.0,0.0,0.06,0.9,1.7,1.38,0.3,,16.67,,,,,656
42,TX,7.25,0.0,0.0,0.0,0.0,0.0,0.0,0.06,0.9,1.7,1.38,0.3,,16.67,,,,,657
42,TX,7.25,0.0,0.0,0.0,0.0,0.0,0.0,0.06,0.9,1.7,1.38,0.3,,16.67,,,,,658
42,TX,7.25,0.0,0.0,0.0,0.0,0.0,0.0,0.06,0.9,1.7,1.38,0.3,,16.67,,,,,659
42,TX,7.25,0.0,0.0,0.0,0.0,0.0,0.0,0.06,0.9,1.7,1.38,0.3,,16.67,,,,,660
42,TX,7.25,0.0,0.0,0.0,0.0,0.0,0.0,0.06,0.9,1.7,1.38,0.3,,16.67,,,,,661
42,TX,7.25,0.0,0.0,0.0,0.0,0.0,0.0,0.06,0.9,1.7,1.38,0.3,,16.67,,,,,662
42,TX,7.25,0.0,0.0,0.0,0.0,0.0,0.0,0.06,0.9,1.7,1.38,0.3,,16.67,,,,,663
42,TX,7.25,0.0,0.0,0.0,0.0,0.0,0.0,0.06,0.9,1.7,1.38,0.3,,16.67,,,,,664
42,TX,7.25,0.0,0.0,0.0,0.0,0.0,0.0,0.06,0.9,1.7,1.38,0.3,,16.67,,,,,665
42,TX,7.25,0.0,0.0,0.0,0.0,0.0,0.0,0.06,0.9,1.7,1.38,0.3,,16.67,,,,,666
42,TX,7.25,0.0,0.0,0.0,0.0,0.0,0.0,0.06,0.9,1.7,1.38,0.3,,16.67,,,,,667
42,TX,7.25,0.0,0.0,0.0,0.0,0.0,0.0,0.06,0.9,1.7,1.38,0.3,,16.67,,,,,668
42,TX,7.25,0.0,0.0,0.0,0.0,0.0,0.0,0.06,0.9,1.7,1.38,0.3,,16.67,,,,,669
42,TX,7.25,0.0,0.0,0.0,0.0,0.0,0.0,0.06,0.9,1.7,1.38,0.3,,16.67,,,,,670
42,TX,7.25,0.0,0.0,0.0,0.0,0.0,0.0,0.06,0.9,1.7,1.38,0.3,,16.67,,,,,671
42,TX,7.25,0.0,0.0,0.0,0.0,0.0,0.0,0.06,0.9,1.7,1.38,0.3,,16.67,,,,,672
42,TX,7.25,0.0,0.0,0.0,0.0,0.0,0.0,0.06,0.9,1.7,1.38,0.3,,16.67,,,,,673
42,TX,7.25,0.0,0.0,0.0,0.0,0.0,0.0,0.06,0.9,1.7,1.38,0.3,,16.67,,,,,674
42,TX,7.25,0.0,0.0,0.0,0.0,0.0,0.0,0.06,0.9,1.7,1.38,0.3,,16.67,,,,,675
42,TX,7.25,0.0,0.0,0.0,0.0,0.0,0.0,0.06,0.9,1.7,1.38,0.3,,16.67,,,,,676
42,TX,7.25,0.0,0.0,0.0,0.0,0.0,0.0,0.06,0.9,1.7,1.38,0.3,,16.67,,,,,677
42,TX,7.25,0.0,0.0,0.0,0.0,0.0,0.0,0.06,0.9,1.7,1.38,0.3,,16.67,,,,,678
42,TX,7.25,0.0,0.0,0.0,0.0,0.0,0.0,0.06,0.9,1.7,1.38,0.3,,16.67,,,,,679
42,TX,7.25,0.0,0.0,0.0,0.0,0.0,0.0,0.06,0.9,1.7,1.38,0.3,,16.67,,,,,680
42,TX,7.25,0.0,0.0,0.0,0.0,0.0,0.0,0.06,0.9,1.7,1.38,0.3,,16.67,,,,,681
42,TX,7.25,0.0,0.0,0.0,0.0,0.0,0.0,0.06,0.9,1.7,1.38,0.3,,16.67,,,,,682
42,TX,7.25,0.0,0.0,0.0,0.0,0.0,0.0,0.06,0.9,1.7,1.38,0.3,,16.67,,,,,683
42,TX,7.25,0.0,0.0,0.0,0.0,0.0,0.0,0.06,0.9,1.7,1.38,0.3,,16.67,,,,,684
42,TX,7.25,0.0,0.0,0.0,0.0,0.0,0.0,0.06,0.9,1.7,1.38,0.3,,16.67,,,,,685
42,TX,7.25,0.0,0.0,0.0,0.0,0.0,0.0,0.06,0.9,1.7,1.38,0.3,,16.67,,,,,686
42,TX,7.25,0.0,0.0,0.0,0.0,0.0,0.0,0.06,0.9,1.7,1.38,0.3,,16.67,,,,,687
42,TX,7.25,0.0,0.0,0.0,0.0,0.0,0.0,0.06,0.9,1.7,1.38,0.3,,16.67,,,,,688
42,TX,7.25,0.0,0.0,0.0,0.0,0.0,0.0,0.06,0.9,1.7,1.38,0.3,,16.67,,,,,689
42,TX,7.25,0.0,0.0,0.0,0.0,0.0,0.0,0.06,0.9,1.7,1.38,0.3,,16.67,,,,,690
42,TX,7.25,0.0,0.0,0.0,0.0,0.0,0.0,0.06,0.9,1.7,1.38,0.3,,16.67,,,,,691
42,TX,7.25,0.0,0.0,0.0,0.0,0.0,0.0,0.06,0.9,1.7,1.38,0.3,,16.67,,,,,692
42,TX,7.25,0.0,0.0,0.0,0.0,0.0,0.0,0.06,0.9,1.7,1.38,0.3,,16.67,,,,,693
42,TX,7.25,0.0,0.0,0.0,0.0,0.0,0.0,0.06,0.9,1.7,1.38,0.3,,16.67,,,,,694
42,TX,7.25,0.0,0.0,0.0,0.0,0.0,0.0,0.06,0.9,1.7,1.38,0.3,,16.67,,,,,695
42,TX,7.25,0.0,0.0,0.0,0.0,0.0,0.0,0.06,0.9,1.7,1.38,0.3,,16.67,,,,,696
42,TX,7.25,0.0,0.0,0.0,0.0,0.0,0.0,0.06,0.9,1.7,1.38,0.3,,16.67,,,,,697
42,TX,7.25,0.0,0.0,0.0,0.0,0.0,0.0,0.06,0.9,1.7,1.38,0.3,,16.67,,,,,698
42,TX,7.25,0.0,0.0,0.0,0.0,0.0,0.0,0.06,0.9,1.7,1.38,0.3,,16.67,,,,,699
42,TX,7.25,0.0,0.0,0.0,0.0,0.0,0.0,0.06,0.9,1.7,1.38,0.3,,16.67,,,,,700
42,TX,7.25,0.0,0.0,0.0,0.0,0.0,0.0,0.06,0.9,1.7,1.38,0.3,,16.67,,,,,701
42,TX,7.25,0.0,0.0,0.0,0.0,0.0,0.0,0.06,0.9,1.7,1.38,0.3,,16.67,,,,,702
42,TX,7.25,0.0,0.0,0.0,0.0,0.0,0.0,0.06,0.9,1.7,1.38,0.3,,16.67,,,,,703
42,TX,7.25,0.0,0.0,0.0,0.0,0.0,0.0,0.06,0.9,1.7,1.38,0.3,,16.67,,,,,704
42,TX,7.25,0.0,0.0,0.0,0.0,0.0,0.0,0.06,0.9,1.7,1.38,0.3,,16.67,,,,,705
42,TX,7.25,0.0,0.0,0.0,0.0,0.0,0.0,0.06,0.9,1.7,1.38,0.3,,16.67,,,,,706
42,TX,7.25,0.0,0.0,0.0,0.0,0.0,0.0,0.06,0.9,1.7,1.38,0.3,,16.67,,,,,707
42,TX,7.25,0.0,0.0,0.0,0.0,0.0,0.0,0.06,0.9,1.7,1.38,0.3,,16.67,,,,,708
42,TX,7.25,0.0,0.0,0.0,0.0,0.0,0.0,0.06,0.9,1.7,1.38,0.3,,16.67,,,,,709
42,TX,7.25,0.0,0.0,0.0,0.0,0.0,0.0,0.06,0.9,1.7,1.38,0.3,,16.67,,,,,710
42,TX,7.25,0.0,0.0,0.0,0.0,0.0,0.0,0.06,0.9,1.7,1.38,0.3,,16.67,,,,,711
42,TX,7.25,0.0,0.0,0.0,0.0,0.0,0.0,0.06,0.9,1.7,1.38,0.3,,16.67,,,,,712
42,TX,7.25,0.0,0.0,0.0,0.0,0.0,0.0,0.06,0.9,1.7,1.38,0.3,,16.67,,,,,713
42,TX,7.25,0.0,0.0,0.0,0.0,0.0,0.0,0.06,0.9,1.7,1.38,0.3,,16.67,,,,,714
42,TX,7.25,0.0,0.0,0.0,0.0,0.0,0.0,0.06,0.9,1.7,1.38,0.3,,16.67,,,,,715
42,TX,7.25,0.0,0.0,0.0,0.0,0.0,0.0,0.06,0.9,1.7,1.38,0.3,,16.67,,,,,716
42,TX,7.25,0.0,0.0,0.0,0.0,0.0,0.0,0.06,0.9,1.7,1.38,0.3,,16.67,,,,,717
42,TX,7.25,0.0,0.0,0.0,0.0,0.0,0.0,0.06,0.9,1.7,1.38,0.3,,16.67,,,,,718
42,TX,7.25,0.0,0.0,0.0,0.0,0.0,0.0,0.06,0.9,1.7,1.38,0.3,,16.67,,,,,719
42,TX,7.25,0.0,0.0,0.0,0.0,0.0,0.0,0.06,0.9,1.7,1.38,0.3,,16.67,,,,,720
42,TX,7.25,0.0,0.0,0.0,0.0,0.0,0.0,0.06,0.9,1.7,1.38,0.3,,16.67,,,,,721
42,TX,7.25,0.0,0.0,0.0,0.0,0.0,0.0,0.06,0.9,1.7,1.38,0.3,,16.67,,,,,722
42,TX,7.25,0.0,0.0,0.0,0.0,0.0,0.0,0.06,0.9,1.7,1.38,0.3,,16.67,,,,,723
42,TX,7.25,0.0,0.0,0.0,0.0,0.0,0.0,0.06,0.9,1.7,1.38,0.3,,16.67,,,,,724
42,TX,7.25,0.0,0.0,0.0,0.0,0.0,0.0,0.06,0.9,1.7,1.38,0.3,,16.67,,,,,725
